Store_Number,Store_Name,Status,WFM_Region,WFM_Region_Abbr,Op_Area,UNFI_DC,UNFI_Region,Distributor,Merch_Partner,Wire_Rack,DC_Source,Address,City,State,Zip,Latitude,Longitude
10679,125 Cafe,Closed,North Atlantic,,North Atlantic & International,"Chesterfield, NH",,Rainforest,Uncovered,No,inferred (region modal),125 Cambridgepark Dr,Cambridge,MA,2140,42.3948739,-71.1453
10715,17th Street,Open,Florida,FL,Southeast,"Sarasota, FL",,UNFI,Final Touch,No,inferred (region modal),501 SE 17th St,Ft Lauderdale,FL,33316,26.1005497,-80.1374
10054,"ANP Annapolis, MD TERMINATED",Closed,Mid-Atlantic,MA,Northeast,"York, PA",,Unknown,Uncovered,No,inferred (region modal),2504 Solomons Island Rd,Annapolis,MD,21401,38.9760551,-76.545
10144,Academy,Open,Rocky Mountain,RM,Central West,"Aurora, CO",West,UNFI,Uncovered,No,mapped,5815 Wyoming Blvd NE,Albuquerque,NM,87109,35.1464882,-106.556
10473,Addison,Open,Southwest,SW,Central West,"Lancaster, TX",West,UNFI,Final Touch,No,mapped,5100 Belt Line Rd Ste 1012,Dallas,TX,75254,32.9531822,-96.8214
10673,Akron,Open,Midwest,MW,Midwest,"York, PA",East,UNFI,Uncovered,No,mapped,1745 W Market St,Akron,OH,44313,41.1109543,-81.5714
10075,Alamo Quarry,Open,Southwest,SW,Central West,"Lancaster, TX",West,UNFI,Final Touch,No,mapped,255 E Basse Rd Ste 130,San Antonio,TX,78209,29.4932957,-98.4806
10492,Albany,Open,Northeast,NE,North Atlantic & International,"Montgomery, NY (HVA)",East,Rainforest,Uncovered,No,mapped,1425 Central Ave,Albany,NY,12205,42.7089539,-73.8189
10791,Albuquerque,Open,Rocky Mountain,RM,Central West,"Aurora, CO",,UNFI,Uncovered,No,inferred (region modal),2100 Carlisle Blvd NE,Albuquerque,NM,87110,35.1028938,-106.6025
10050,"Alexandria, VA (Annandale)",Closed,Mid-Atlantic,MA,Northeast,"York, PA",,Unknown,Uncovered,No,inferred (region modal),6548 Little River Turnpike,Alexandria,VA,22312,38.8223305,-77.162
10566,Allentown,Open,Mid-Atlantic,MA,Northeast,"York, PA",East,UNFI,Final Touch,No,mapped,750 N Krocks Rd Ste 301,Allentown,PA,18106,40.5644073,-75.5669
10182,Alpharetta,Closed,South,SO,Southeast,"Atlanta, GA",,Unknown,Uncovered,No,inferred (region modal),1180 Upper Hembree Rd,Roswell,GA,30076,34.0657997,-84.3252
10423,Alpine Ideal,Open,Rocky Mountain,RM,Central West,"Aurora, CO",West,UNFI,Uncovered,No,mapped,1275 Alpine Ave,Boulder,CO,80304,40.0260162,-105.2808
10516,Altamonte Springs,Open,Florida,FL,Southeast,"Sarasota, FL",East,UNFI,Uncovered,No,mapped,305 E Altamonte Dr Ste 1000,Altamonte Springs,FL,32701,28.6642551,-81.3815
10528,Ambassador Caffery,Open,Southwest,SW,Southeast,"Lancaster, TX",West,UNFI,Uncovered,No,mapped,4247 Ambassador Caffery Pkwy,Lafayette,LA,70508,30.1609097,-92.0519
10371,Andover,Open,North Atlantic,,North Atlantic & International,"Chesterfield, NH",East,Rainforest,Final Touch,No,mapped,40 Railroad St,Andover,MA,1810,42.6609383,-71.1446
10167,Ann Arbor,Open,Midwest,MW,Midwest,"Sturtevant, WI (RAC)",East,UNFI,Uncovered,No,mapped,3135 Washtenaw Ave,Ann Arbor,MI,48104,42.2580605,-83.6982
10018,"Ann Arbor, MI (Stadium)",Closed,Midwest,MW,Midwest,"Sturtevant, WI (RAC)",,Unknown,Uncovered,No,inferred (region modal),2398 East Stadium,Ann Arbor,MI,48104,42.2589188,-83.7099
10228,Annapolis,Open,Mid-Atlantic,MA,Northeast,"York, PA",East,UNFI,Final Touch,Yes,mapped,200 Harker Pl Ste 100,Annapolis,MD,21401,38.98209,-76.5402
10143,Arabella Station,Open,Southwest,SW,Southeast,"Lancaster, TX",West,UNFI,Uncovered,No,mapped,5600 Magazine St,New Orleans,LA,70115,29.9211235,-90.1175
10384,Arbor Trails,Open,Southwest,SW,Central West,"Lancaster, TX",West,UNFI,Final Touch,No,mapped,4301 W William Cannon Dr Bldg 800,Austin,TX,78749,30.2203465,-97.8419
10042,Arlington,Open,Mid-Atlantic,MA,Northeast,"York, PA",East,UNFI,Final Touch,Yes,mapped,2700 Wilson Blvd,Arlington,VA,22201,38.8890495,-77.0911
10507,Arlington Center,Open,North Atlantic,,North Atlantic & International,"Chesterfield, NH",East,Rainforest,Final Touch,No,mapped,808 Massachusetts Ave,Arlington,MA,2476,42.4163933,-71.1594
10237,Arroyo,Open,Southern Pacific,SP,California,"Moreno Valley, CA",West,UNFI,Basemakers,No,mapped,465 S Arroyo Pkwy,Pasadena,CA,91105,34.1380997,-118.1478
10534,Ashburn,Open,Mid-Atlantic,MA,Northeast,"York, PA",East,UNFI,Final Touch,No,mapped,19800 Belmont Chase Dr Ste 160,Ashburn,VA,20147,39.0684166,-77.4843
10351,Asheville,Open,South,SO,Southeast,"Atlanta, GA",East,UNFI,Uncovered,No,mapped,70 Merrimon Ave,Asheville,NC,28801,35.6018906,-82.5547
10550,Augusta,Closed,South,SO,Southeast,"Atlanta, GA",,Unknown,Uncovered,No,inferred (region modal),2907 Washington Rd Bldg 100,Augusta,GA,30909,33.5136375,-82.0399
10488,Avalon,Open,South,SO,Southeast,"Atlanta, GA",East,UNFI,Basemakers,No,mapped,2800 Old Milton Pkwy,Alpharetta,GA,30009,34.0693398,-84.2785
10770,Avon Village,Open,North Atlantic,,North Atlantic & International,"Chesterfield, NH",,Rainforest,Uncovered,No,inferred (region modal),50 Climax Rd,Avon,CT,6001,41.8117676,-72.8383
10301,Baseline,Closed,Rocky Mountain,RM,Central West,"Aurora, CO",,Unknown,Uncovered,No,inferred (region modal),2584 Baseline Rd,Boulder,CO,80305,39.9988556,-105.2613
10198,Baton Rouge,Open,Southwest,SW,Southeast,"Lancaster, TX",West,UNFI,Uncovered,No,mapped,7529 Corporate Blvd,Baton Rouge,LA,70809,30.4321156,-91.1112
10194,Bayhill,Open,Florida,FL,Southeast,"Sarasota, FL",East,UNFI,Uncovered,No,mapped,8003 Turkey Lake Rd,Orlando,FL,32819,28.4491844,-81.4767
10663,Bazaarvoice Cafe Express,Closed,Southwest,SW,Central West,"Lancaster, TX",,Unknown,Uncovered,No,inferred (region modal),10901 Stonelake Blvd Ste 128,Austin,TX,78759,30.3994282,-97.7345
10090,Bedford,Open,North Atlantic,,North Atlantic & International,"Chesterfield, NH",East,Rainforest,Final Touch,No,mapped,170 Great Rd,Bedford,MA,1730,42.4912338,-71.2736
10617,Bedford New Hampshire,Open,North Atlantic,,North Atlantic & International,"Chesterfield, NH",East,Rainforest,Final Touch,No,mapped,121 S River Rd,Bedford,NH,3110,42.9546471,-71.4765
10393,Bee Caves,Open,Southwest,SW,Central West,"Lancaster, TX",West,UNFI,Final Touch,No,mapped,12601 Hill Country Blvd,Austin,TX,78738,30.3075256,-97.9376
10218,BelMar,Open,Rocky Mountain,RM,Central West,"Aurora, CO",West,UNFI,Basemakers,No,mapped,444 S Wadsworth Blvd,Lakewood,CO,80226,39.7086182,-105.0809
10134,Bellaire,Open,Southwest,SW,Central West,"Lancaster, TX",West,UNFI,Final Touch,No,mapped,4004 Bellaire Blvd,Houston,TX,77025,29.7069302,-95.4414
10153,Bellevue,Open,Pacific Northwest,PN,Central West,"Ridgefield, WA",West,UNFI,Basemakers,No,mapped,888 116th Ave NE,Bellevue,WA,98004,47.6183624,-122.1846
10657,Bellevue Square,Closed,Pacific Northwest,PN,Central West,"Ridgefield, WA",,Unknown,Uncovered,No,inferred (region modal),10200 NE 4th St,Bellevue,WA,98004,47.6141434,-122.2037
10091,Bellingham,Open,North Atlantic,,North Atlantic & International,"Dayville, CT",East,Rainforest,Final Touch,No,mapped,255 Hartford Ave,Bellingham,MA,2019,42.1112633,-71.4617
10637,Bellingham Washington,Open,Pacific Northwest,PN,Central West,"Ridgefield, WA",West,UNFI,Basemakers,No,mapped,1030 Lakeway Dr,Bellingham,WA,98229,48.7436333,-122.4613
10407,Bend,Open,Pacific Northwest,PN,Central West,"Ridgefield, WA",West,UNFI,Uncovered,No,mapped,2610 NE Highway 20,Bend,OR,97701,44.0562515,-121.266
10006,Berkeley,Open,Northern California,NC,California,"Rocklin, CA",West,UNFI,Uncovered,No,mapped,3000 Telegraph Ave,Berkeley,CA,94705,37.8554611,-122.2604
10048,Bethesda,Open,Mid-Atlantic,MA,Northeast,"York, PA",East,UNFI,Final Touch,No,mapped,5269 River Rd,Bethesda,MD,20816,38.966156,-77.1042
10618,Beverly,Open,North Atlantic,,North Atlantic & International,"Chesterfield, NH",,Rainforest,Final Touch,No,inferred (region modal),150 Brimbal Ave,Beverly,MA,1915,42.5735359,-70.8794
10022,Beverly Hills,Open,Southern Pacific,SP,California,"Moreno Valley, CA",West,UNFI,Basemakers,No,mapped,239 N Crescent Dr,Beverly Hills,CA,90210,34.0694656,-118.3984
10641,Birmingham,Open,Midwest,MW,Midwest,"Sturtevant, WI (RAC)",East,UNFI,Uncovered,No,mapped,2100 E Maple Rd,Birmingham,MI,48009,42.5467377,-83.1945
10096,Biscayne,Open,Florida,FL,Southeast,"Sarasota, FL",East,UNFI,Final Touch,No,mapped,21105 Biscayne Blvd,Aventura,FL,33180,25.9711342,-80.1408
10366,Bishops Corner,Open,North Atlantic,,North Atlantic & International,"Dayville, CT",East,Rainforest,Final Touch,No,mapped,340 N Main St,West Hartford,CT,6117,41.784729,-72.7455
10337,Blithedale,Open,Northern California,NC,California,"Rocklin, CA",West,UNFI,Uncovered,No,mapped,731 E Blithedale Ave,Mill Valley,CA,94941,37.9025154,-122.5259
10320,Blossom Hill,Open,Northern California,NC,California,"Gilroy, CA",West,UNFI,Uncovered,No,mapped,1146 Blossom Hill Rd,San Jose,CA,95118,37.2494202,-121.877
10130,Boca Raton,Open,Florida,FL,Southeast,"Sarasota, FL",East,UNFI,Final Touch,No,mapped,1400B Glades Rd,Boca Raton,FL,33431,26.3659935,-80.1149
10284,Boise,Open,Northern California,NC,Central West,"Aurora, CO",West,UNFI,Uncovered,No,mapped,401 S Broadway Ave,Boise,ID,83702,43.6077805,-116.1945
10785,Boulder Table Mesa,Open,Rocky Mountain,RM,Central West,"Aurora, CO",,UNFI,Basemakers,No,inferred (region modal),695 S Broadway St,Boulder,CO,80305,39.9831047,-105.2485
10236,Bowery,Open,Northeast,NE,Northeast,"Montgomery, NY (HVA)",East,Rainforest,Final Touch,Yes,mapped,95 E Houston St,New York,NY,10002,40.7237778,-73.9924
10551,Bowman,Open,Southwest,SW,Midwest,"Lancaster, TX",West,UNFI,Uncovered,No,mapped,501 S Bowman Rd,Little Rock,AR,72211,34.7502823,-92.4056
10805,Boynton Beach,Open,Florida,FL,Southeast,"Sarasota, FL",,UNFI,Uncovered,No,inferred (region modal),7395 Boynton Beach Blvd,Boynton Beach,FL,33437,26.5291004,-80.1632
10786,Bozeman,Open,Rocky Mountain,RM,Central West,"Aurora, CO",,UNFI,Uncovered,No,inferred (region modal),2905 W Main St,Bozeman,MT,59718,45.6716003,-111.078
10556,Bradburn,Open,Rocky Mountain,RM,Central West,"Aurora, CO",West,UNFI,Basemakers,No,mapped,4451 Main St,Westminster,CO,80031,39.9134064,-105.0447
10594,Brea,Open,Southern Pacific,SP,California,"Moreno Valley, CA",West,UNFI,Basemakers,No,mapped,3301 E Imperial Hwy,Brea,CA,92823,33.91008,-117.8514
10074,Brentwood,Open,Southern Pacific,SP,California,"Moreno Valley, CA",West,UNFI,Basemakers,No,mapped,11737 San Vicente Blvd,Los Angeles,CA,90049,34.0536766,-118.4674
10094,Briarcliff,Closed,South,SO,Southeast,"Atlanta, GA",East,Unknown,Uncovered,No,mapped,2111 Briarcliff Rd NE,Atlanta,GA,30329,33.8158112,-84.3333
10266,Bridgeport,Open,Pacific Northwest,PN,Central West,"Ridgefield, WA",West,UNFI,Basemakers,No,mapped,7380 SW Bridgeport Rd,Tigard,OR,97224,45.3944321,-122.7516
10639,Bridgewater,Open,Northeast,NE,Northeast,"Montgomery, NY (HVA)",East,Rainforest,Final Touch,No,mapped,319 Chimney Rock Rd,Bound Brook,NJ,8805,40.5762405,-74.5623
10015,Brighton,Open,North Atlantic,,North Atlantic & International,"Chesterfield, NH",East,Rainforest,Uncovered,No,mapped,15 Washington St,Brighton,MA,2135,42.3428574,-71.1404
10522,Broad Street,Open,Southwest,SW,Southeast,"Lancaster, TX",West,UNFI,Uncovered,No,mapped,300 N Broad St,New Orleans,LA,70119,29.9671993,-90.0848
10768,Brookhurst,Open,Southern Pacific,SP,California,"Moreno Valley, CA",,UNFI,Basemakers,No,inferred (region modal),10081 Adams Ave,Huntington Beach,CA,92646,33.6734009,-117.9523
10508,Brookline,Closed,North Atlantic,,North Atlantic & International,"Dayville, CT",East,Rainforest,Final Touch,No,mapped,1026-1028 Beacon Street,Brookline,MA,2446,42.3461456,-71.1083
10220,Brooklyn,Open,Northeast,NE,Northeast,"Montgomery, NY (HVA)",East,Rainforest,Final Touch,Yes,mapped,214 3rd St,Brooklyn,NY,11215,40.6750298,-73.9889
10578,Bryant Park,Open,Northeast,NE,Northeast,"Montgomery, NY (HVA)",East,Rainforest,Final Touch,No,mapped,1095 Avenue of the Americas,New York,NY,10036,40.754631,-73.9848
10601,Buffalo,Open,Northeast,NE,North Atlantic & International,"Montgomery, NY (HVA)",East,Rainforest,Uncovered,No,mapped,3139 Sheridan Dr,Amherst,NY,14226,42.9790497,-78.817
10545,Burbank,Open,Southern Pacific,SP,California,"Moreno Valley, CA",West,UNFI,Basemakers,No,mapped,3401 W Olive Ave,Burbank,CA,91505,34.1542931,-118.3379
10051,"CVL Charlottesville, VA (CLOSED)",Closed,Mid-Atlantic,MA,Southeast,"York, PA",,Unknown,Uncovered,No,inferred (region modal),1416 Seminole Tr,Charlottesville,VA,22901,38.0769997,-78.4806
10010,Cambridge,Open,North Atlantic,,North Atlantic & International,"Dayville, CT",East,Rainforest,Final Touch,No,mapped,115 Prospect St,Cambridge,MA,2139,42.3681335,-71.1024
10476,Camelback,Open,Southern Pacific,SP,Central West,"Moreno Valley, CA",West,UNFI,Uncovered,No,mapped,4701 N 20th St,Phoenix,AZ,85016,33.5064697,-112.0379
10033,Campbell,Open,Northern California,NC,California,"Gilroy, CA",West,UNFI,Uncovered,No,mapped,1690 S Bascom Ave,Campbell,CA,95008,37.2929153,-121.9305
10646,Canyon Corners,Open,Rocky Mountain,RM,Central West,"Aurora, CO",West,UNFI,Basemakers,No,mapped,6598 N Landmark Dr,Park City,UT,84098,40.7271881,-111.5469
10746,Capitol Hill,Open,Rocky Mountain,RM,Central West,"Aurora, CO",,UNFI,Uncovered,No,inferred (region modal),900 E 11th Ave,Denver,CO,80218,39.7332916,-104.9758
10405,Capitol Hill CLOSED,Closed,Rocky Mountain,RM,Central West,"Aurora, CO",,Unknown,Uncovered,No,inferred (region modal),900 E 11th Ave,Denver,CO,80218,39.7332916,-104.9758
10365,Capitola,Open,Northern California,NC,California,"Gilroy, CA",West,UNFI,Uncovered,No,mapped,1710 41st Ave,Capitola,CA,95010,36.9742928,-121.9636
10404,Carmel,Open,Midwest,MW,Midwest,"Sturtevant, WI (RAC)",East,UNFI,Uncovered,No,mapped,14598 Clay Terrace Blvd,Carmel,IN,46032,39.9990845,-86.1311
10339,Carrollwood,Open,Florida,FL,Southeast,"Sarasota, FL",East,UNFI,Uncovered,No,mapped,3802 Northdale Blvd,Tampa,FL,33624,28.0931797,-82.5041
10132,Cary,Open,South,SO,Southeast,"Atlanta, GA",East,UNFI,Basemakers,No,mapped,102B New Waverly Pl,Cary,NC,27518,35.7373619,-78.7772
10459,Castle Rock,Open,Rocky Mountain,RM,Central West,"Aurora, CO",,UNFI,Basemakers,No,inferred (region modal),6384 Promenade Pkwy,Castle Rock,CO,80108,39.4233818,-104.8775
10396,Castro,Open,Northern California,NC,California,"Gilroy, CA",West,UNFI,Basemakers,No,mapped,2001 Market St,San Francisco,CA,94114,37.7686081,-122.4271
10199,Cedar Center,Open,Midwest,MW,Midwest,"Sturtevant, WI (RAC)",East,UNFI,Uncovered,No,mapped,13998 Cedar Rd,University Heights,OH,44118,41.5008545,-81.5367
10665,Cedar Park,Open,Southwest,SW,Central West,"Lancaster, TX",West,UNFI,Final Touch,No,mapped,5001 183A Toll Rd,Cedar Park,TX,78613,30.5357399,-97.8177
10104,Cerrillos,Open,Rocky Mountain,RM,Central West,"Aurora, CO",West,UNFI,Uncovered,No,mapped,753 Cerrillos Rd,Santa Fe,NM,87505,35.6788979,-105.9502
10309,Chagrin,Closed,Midwest,MW,Midwest,"Sturtevant, WI (RAC)",East,Unknown,Uncovered,No,mapped,27249 Chagrin Blvd,Beachwood,OH,44122,41.4633369,-81.486
10588,Chambers Bay,Open,Pacific Northwest,PN,Central West,"Ridgefield, WA",West,UNFI,Basemakers,No,mapped,3515 Bridgeport Way W,University Place,WA,98466,47.2272339,-122.5361
10649,Chamblee,Open,South,SO,Southeast,"Atlanta, GA",East,UNFI,Basemakers,No,mapped,5001 Peachtree Blvd Ste 300,Chamblee,GA,30341,33.8850594,-84.3141
10497,Champions,Open,Southwest,SW,Central West,"Lancaster, TX",West,UNFI,Final Touch,No,mapped,10133 Louetta Rd,Houston,TX,77070,29.9983959,-95.562
10272,Chandler,Open,Southern Pacific,SP,Central West,"Moreno Valley, CA",West,UNFI,Uncovered,No,mapped,2955 W Ray Rd,Chandler,AZ,85224,33.3185501,-111.8929
10008,Chapel Hill,Open,South,SO,Southeast,"Atlanta, GA",East,UNFI,Basemakers,No,mapped,81 S Elliott Rd,Chapel Hill,NC,27514,35.9345284,-79.0276
10600,Chappaqua,Open,Northeast,NE,Northeast,"Montgomery, NY (HVA)",East,Rainforest,Final Touch,Yes,mapped,20 The Crossing,Chappaqua,NY,10514,41.177948,-73.755
10158,Charles River Plaza,Open,North Atlantic,,North Atlantic & International,"Dayville, CT",East,Rainforest,Final Touch,No,mapped,181 Cambridge St,Boston,MA,2114,42.3619003,-71.0654
10201,Charleston,Open,South,SO,Southeast,"Atlanta, GA",East,UNFI,Uncovered,No,mapped,923 Houston Northcutt Blvd,Mount Pleasant,SC,29464,32.8021622,-79.8891
10509,Charlestown,Open,North Atlantic,,North Atlantic & International,"Chesterfield, NH",East,Rainforest,Final Touch,No,mapped,27 Austin St,Charlestown,MA,2129,42.3756447,-71.0663
10205,Charlottesville,Open,Mid-Atlantic,MA,Southeast,"York, PA",East,UNFI,Uncovered,No,mapped,1797 Hydraulic Rd,Charlottesville,VA,22901,38.0596886,-78.4893
10409,Chattanooga,Open,South,SO,Southeast,"Atlanta, GA",East,UNFI,Uncovered,No,mapped,301 Manufacturers Rd,Chattanooga,TN,37405,35.0633698,-85.3144
10782,Chattanooga East,Open,South,SO,Southeast,"Atlanta, GA",,UNFI,Uncovered,No,inferred (region modal),1814 Gunbarrel Rd Ste 100,Chattanooga,TN,37421,35.0238495,-85.1561
10131,Chelsea,Open,Northeast,NE,Northeast,"Montgomery, NY (HVA)",East,Rainforest,Final Touch,Yes,mapped,250 7th Ave,New York,NY,10001,40.7451134,-73.9953
10095,Cherry Creek,Open,Rocky Mountain,RM,Central West,"Aurora, CO",West,UNFI,Basemakers,No,mapped,2375 E 1st Ave,Denver,CO,80206,39.7185211,-104.9579
10526,Cherry Hill,Open,Mid-Atlantic,MA,Northeast,"York, PA",East,UNFI,Final Touch,No,mapped,1558 Kings Highway North,Cherry Hill,NJ,8034,39.9158783,-75.0114
10369,Chicago Ave,Closed,Midwest,MW,Midwest,"Sturtevant, WI (RAC)",,Unknown,Uncovered,No,inferred (region modal),1111 Chicago Ave,Evanston,IL,60202,42.0380974,-87.6798
10568,Chicago Edgewater,Open,Midwest,MW,Midwest,"Sturtevant, WI (RAC)",East,UNFI,Final Touch,No,mapped,6009 N Broadway St,Chicago,IL,60660,41.9912186,-87.66
10017,"Chicago, IL (Lincoln Park)",Closed,Midwest,MW,Midwest,"Sturtevant, WI (RAC)",,Unknown,Uncovered,No,inferred (region modal),1000 West North Ave,Chicago,IL,60622,41.9119034,-87.6547
10287,Cincinnati,Open,Midwest,MW,Midwest,"Sturtevant, WI (RAC)",East,UNFI,Uncovered,No,mapped,2693 Edmondson Rd,Cincinnati,OH,45209,39.1454697,-84.4473
10613,Cityline,Open,Southwest,SW,Central West,"Lancaster, TX",West,UNFI,Final Touch,No,mapped,1411 E Renner Rd,Richardson,TX,75082,32.9987946,-96.6987
10576,Clark,Open,Northeast,NE,Northeast,"Montgomery, NY (HVA)",East,Rainforest,Final Touch,Yes,mapped,1255 Raritan Rd,Clark,NJ,7066,40.6315231,-74.3043
10515,Clearwater,Open,Florida,FL,Southeast,"Sarasota, FL",East,UNFI,Uncovered,No,mapped,27001 US Highway 19 N Ste 8520,Clearwater,FL,33761,28.0169487,-82.7358
10381,Closter,Open,Northeast,NE,Northeast,"Montgomery, NY (HVA)",East,Rainforest,Final Touch,Yes,mapped,33 Vervalen St,Closter,NJ,7624,40.9706879,-73.9563
10184,Cobb,Closed,South,SO,Southeast,"Atlanta, GA",,Unknown,Uncovered,No,inferred (region modal),70 Powers Ferry Rd SE,Marietta,GA,30067,33.948082,-84.5134
10370,Coddingtown,Open,Northern California,NC,California,"Rocklin, CA",West,UNFI,Uncovered,No,mapped,390 Coddingtown Ctr,Santa Rosa,CA,95401,38.4579735,-122.7318
10350,Colfax,Closed,Rocky Mountain,RM,Central West,"Aurora, CO",West,Unknown,Uncovered,No,mapped,14357 W Colfax Ave,Lakewood,CO,80401,39.7365036,-105.1615
10523,Colleyville,Open,Southwest,SW,Central West,"Lancaster, TX",West,UNFI,Final Touch,No,mapped,4801 Colleyville Blvd,Colleyville,TX,76034,32.8792114,-97.1555
10331,Colorado Blvd,Open,Rocky Mountain,RM,Central West,"Aurora, CO",West,UNFI,Basemakers,No,mapped,870 S Colorado Blvd,Denver,CO,80246,39.7007408,-104.9397
10261,Colorado Merch of Vino,Closed,Rocky Mountain,RM,Central West,"Aurora, CO",,Unknown,Uncovered,No,inferred (region modal),,Devner,CO,,,
10499,Columbia,Open,Mid-Atlantic,MA,Northeast,"York, PA",East,UNFI,Final Touch,No,mapped,10275 Little Patuxent Pkwy,Columbia,MD,21044,39.2139397,-76.8559
10214,Columbus,Open,Midwest,MW,Midwest,"Sturtevant, WI (RAC)",East,UNFI,Uncovered,No,mapped,3670 W Dublin-Granville Rd,Dublin,OH,43235,40.098629,-83.0866
10160,Columbus Circle,Open,Northeast,NE,Northeast,"Montgomery, NY (HVA)",East,Rainforest,Final Touch,Yes,mapped,10 Columbus Cir,New York,NY,10019,40.7678795,-73.983
10683,Commack,Open,Northeast,NE,Northeast,"Montgomery, NY (HVA)",East,Rainforest,Final Touch,Yes,mapped,120 Veterans Memorial Hwy,Commack,NY,11725,40.8381157,-73.2841
10677,Concord,Open,Northern California,NC,California,"Rocklin, CA",West,UNFI,Uncovered,No,mapped,2085 Diamond Blvd Ste 125,Concord,CA,94520,37.9741364,-122.0588
10190,Coral Gables,Open,Florida,FL,Southeast,"Sarasota, FL",East,UNFI,Final Touch,No,mapped,6701 SW 57th Ave,South Miami,FL,33143,25.7062817,-80.2847
10088,Coral Springs,Open,Florida,FL,Southeast,"Sarasota, FL",East,UNFI,Final Touch,No,mapped,810 N University Dr,Coral Springs,FL,33071,26.2425175,-80.2567
10430,Cottonwood Heights,Open,Rocky Mountain,RM,Central West,"Aurora, CO",West,UNFI,Basemakers,No,mapped,6930 S Highland Dr,Salt Lake City,UT,84121,40.6250763,-111.8359
10315,Cranbrook,Open,Midwest,MW,Midwest,"Sturtevant, WI (RAC)",East,UNFI,Uncovered,No,mapped,990 W Eisenhower Pkwy,Ann Arbor,MI,48103,42.2485428,-83.7582
10254,Cranston,Open,North Atlantic,,North Atlantic & International,"Dayville, CT",East,Rainforest,Final Touch,No,mapped,151 Sockanosset Cross Rd Garden City Center,Cranston,RI,2920,41.7559052,-71.456
10464,Cross Hill,Open,South,SO,Southeast,"Atlanta, GA",East,UNFI,Uncovered,No,mapped,702 Cross Hill Rd Ste 300,Columbia,SC,29205,33.9930992,-80.9753
10870,Crystal City,Open,Mid-Atlantic,MA,Northeast,"York, PA",,UNFI,Uncovered,No,inferred (region modal),1550 Crystal Dr,Arlington,VA,22202,38.8596649,-77.0496
10764,Culver City,Open,Southern Pacific,SP,California,"Moreno Valley, CA",,UNFI,Basemakers,Yes,inferred (region modal),3377 S La Cienega Blvd,Los Angeles,CA,90016,34.0270576,-118.3727
10002,"DLS Dallas, TX (Greenville)",Closed,Southwest,SW,Central West,"Lancaster, TX",,Unknown,Uncovered,No,inferred (region modal),2218 Lower Greenville Ave,Dallas,TX,75206,32.8165169,-96.7696
10682,Dadeland,Open,Florida,FL,Southeast,"Sarasota, FL",East,UNFI,Final Touch,No,mapped,7930 SW 104th St,Miami,FL,33156,25.6734009,-80.3233
10455,Danbury,Open,Northeast,NE,Northeast,"Montgomery, NY (HVA)",East,Rainforest,Final Touch,Yes,mapped,5C Sugar Hollow Rd,Danbury,CT,6810,41.3778648,-73.4757
10300,Darien,Open,Northeast,NE,Northeast,"Montgomery, NY (HVA)",East,Rainforest,Final Touch,Yes,mapped,150 Ledge Rd,Darien,CT,6820,41.0732727,-73.4762
10549,Davie,Open,Florida,FL,Southeast,"Sarasota, FL",East,UNFI,Final Touch,No,mapped,1903 S University Dr,Davie,FL,33324,26.0967197,-80.252
10479,Davis,Closed,Northern California,NC,California,"Rocklin, CA",,Unknown,Uncovered,No,inferred (region modal),500 1st St,Davis,CA,95616,38.5413322,-121.7408
10558,Dayton,Open,Midwest,MW,Midwest,"Sturtevant, WI (RAC)",East,UNFI,Uncovered,No,mapped,1050 Miamisburg Centerville RD,Washington Township,OH,45459,39.6267853,-84.1903
10567,DePaul,Closed,Midwest,MW,Midwest,"Sturtevant, WI (RAC)",East,Unknown,Uncovered,No,mapped,959 W Fullerton Ave,Chicago,IL,60614,41.9251328,-87.6535
10687,Decatur,Open,South,SO,Southeast,"Atlanta, GA",East,UNFI,Basemakers,No,mapped,1555 Church St,Decatur,GA,30033,33.792778,-84.2842
10319,Dedham,Open,North Atlantic,,North Atlantic & International,"Chesterfield, NH",East,Rainforest,Final Touch,No,mapped,300 Legacy Pl,Dedham,MA,2026,42.2326355,-71.1778
10116,Deerfield,Open,Midwest,MW,Midwest,"Sturtevant, WI (RAC)",East,UNFI,Final Touch,No,mapped,760 Waukegan Rd,Deerfield,IL,60015,42.1662331,-87.848
10434,Del Mar,Open,Southern Pacific,SP,California,"Moreno Valley, CA",West,UNFI,Basemakers,No,mapped,2600 Via De La Valle Ste 100,Del Mar,CA,92014,32.9812012,-117.252
10739,Delray Beach,Open,Florida,FL,Southeast,"Sarasota, FL",,UNFI,Final Touch,Yes,inferred (region modal),680 Linton Blvd,Delray Beach,FL,33444,26.4392872,-80.0796
10817,Denver West - Colfax,Open,Rocky Mountain,RM,Central West,"Aurora, CO",,UNFI,Uncovered,No,inferred (region modal),14225 W Colfax Ave,Lakewood,CO,80401,39.7375221,-105.1604
10621,Destin,Open,South,SO,Southeast,"Sarasota, FL",East,UNFI,Uncovered,No,mapped,4402 Legendary Dr,Destin,FL,32541,30.3902397,-86.42
10053,Devon,Open,Mid-Atlantic,MA,Northeast,"York, PA",East,UNFI,Final Touch,No,mapped,821 Lancaster Ave,Wayne,PA,19087,40.0488777,-75.4111
10316,Domain,Open,Southwest,SW,Central West,"Lancaster, TX",West,UNFI,Final Touch,No,mapped,11920 Domain Dr,Austin,TX,78758,30.4063721,-97.72
10546,Downtown LA,Open,Southern Pacific,SP,California,"Moreno Valley, CA",West,UNFI,Basemakers,No,mapped,788 S Grand Ave,Los Angeles,CA,90017,34.0459175,-118.2575
10809,Doylestown,Open,Mid-Atlantic,MA,Northeast,"York, PA",,UNFI,Uncovered,No,inferred (region modal),1745 S Easton Rd Suite E1,Doylestown,PA,18901,40.273201,-75.1267
10532,Draper,Closed,Rocky Mountain,RM,Central West,"Aurora, CO",,Unknown,Uncovered,No,inferred (region modal),11479 S State St Unit B,Draper,UT,84020,40.5428391,-111.89
10547,Dublin,Open,Northern California,NC,California,"Rocklin, CA",West,UNFI,Uncovered,No,mapped,5200 Dublin Blvd,Dublin,CA,94568,37.7056465,-121.8898
10215,Duluth,Open,South,SO,Southeast,"Atlanta, GA",East,UNFI,Basemakers,No,mapped,5945 State Bridge Rd,Duluth,GA,30097,34.0131416,-84.1836
10041,Durham,Open,South,SO,Southeast,"Atlanta, GA",East,UNFI,Basemakers,No,mapped,621 Broad St,Durham,NC,27705,36.0070457,-78.9206
10408,East 57th Street,Open,Northeast,NE,Northeast,"Montgomery, NY (HVA)",East,Rainforest,Final Touch,Yes,mapped,226 E 57th St,New York,NY,10022,40.7595787,-73.9663
10721,East Austin,Open,Southwest,SW,Central West,"Lancaster, TX",,UNFI,Final Touch,No,inferred (region modal),901 E 5th St Ste 100,Austin,TX,78702,30.2642441,-97.7341
10541,East Lansing,Open,Midwest,MW,Midwest,"Sturtevant, WI (RAC)",East,UNFI,Uncovered,No,mapped,2750 E Grand River Ave,East Lansing,MI,48823,42.7282066,-84.453
10555,Easton,Open,Midwest,MW,Midwest,"Sturtevant, WI (RAC)",East,UNFI,Uncovered,No,mapped,4100 Easton Gateway Dr,Columbus,OH,43219,40.0568733,-82.9096
10102,Edgewater,Open,Northeast,NE,Northeast,"Montgomery, NY (HVA)",East,Rainforest,Final Touch,Yes,mapped,905 River Rd,Edgewater,NJ,7020,40.8248367,-73.9737
10419,Edina,Open,Midwest,MW,Midwest,"Iowa City, IA",East,UNFI,Uncovered,No,mapped,7401 France Ave S,Edina,MN,55435,44.8676872,-93.328
10378,Eighty-Sixth St,Open,Midwest,MW,Midwest,"Sturtevant, WI (RAC)",East,UNFI,Uncovered,No,mapped,1300 E 86th St,Indianapolis,IN,46240,39.9141808,-86.1371
10622,El Paso,Open,Rocky Mountain,RM,Central West,"Aurora, CO",West,UNFI,Uncovered,No,mapped,100 Pitts St,El Paso,TX,79912,31.8340626,-106.548
10569,Elmhurst,Open,Midwest,MW,Midwest,"Sturtevant, WI (RAC)",East,UNFI,Final Touch,No,mapped,215 S Il Route 83,Elmhurst,IL,60126,41.8939095,-87.9605
10401,Encinitas,Closed,Southern Pacific,SP,California,"Moreno Valley, CA",,Unknown,Uncovered,No,inferred (region modal),687 S Coast Hwy Ste 101,Encinitas,CA,92024,33.0437469,-117.2932
10557,Englewood,Closed,Midwest,MW,Midwest,"Sturtevant, WI (RAC)",East,Unknown,Uncovered,No,mapped,832 W 63rd St,Chicago,IL,60621,41.7806435,-87.6464
10294,Eugene,Open,Pacific Northwest,PN,Central West,"Ridgefield, WA",West,UNFI,Basemakers,No,mapped,353 E Broadway,Eugene,OR,97401,44.0501099,-123.0879
10076,Evanston,Open,Midwest,MW,Midwest,"Sturtevant, WI (RAC)",East,UNFI,Final Touch,No,mapped,1640 Chicago Ave,Evanston,IL,60201,42.0476227,-87.6795
10720,Evergreen Park,Open,Midwest,MW,Midwest,"Sturtevant, WI (RAC)",East,UNFI,Final Touch,Yes,mapped,9600 S Western Ave Bldg H,Evergreen Park,IL,60805,41.7177238,-87.6846
10660,Exton,Open,Mid-Atlantic,MA,Northeast,"York, PA",East,UNFI,Final Touch,No,mapped,175 N Pottstown Pike,Exton,PA,19341,40.0303001,-75.628
10425,"FTS Salt Lake City, UT TERMINATED (Fourth South)",Closed,Rocky Mountain,RM,Central West,"Aurora, CO",,Unknown,Uncovered,No,inferred (region modal),645 E. 400 South,Salt Lake City,UT,84101,40.7616768,-111.8725
10223,Fair Lakes,Open,Mid-Atlantic,MA,Northeast,"York, PA",East,UNFI,Final Touch,No,mapped,4501 Market Commons Dr,Fairfax,VA,22033,38.8577461,-77.3775
10177,Fairfax,Open,Southern Pacific,SP,California,"Moreno Valley, CA",West,UNFI,Basemakers,No,mapped,6350 W 3rd St,Los Angeles,CA,90036,34.0703735,-118.3606
10317,Fairfield,Open,Northeast,NE,Northeast,"Montgomery, NY (HVA)",East,Rainforest,Final Touch,No,mapped,350 Grasmere Ave,Fairfield,CT,6824,41.1582336,-73.2401
10358,Fairview,Open,Southwest,SW,Central West,"Lancaster, TX",West,UNFI,Final Touch,No,mapped,105 Stacy Rd,Fairview,TX,75069,33.1310043,-96.6566
10775,Falls Church,Open,Mid-Atlantic,MA,Northeast,"York, PA",,UNFI,Final Touch,No,inferred (region modal),103 E Broad St,Falls Church,VA,22046,38.8822174,-77.1707
10165,Farmington Hills,Closed,Midwest,MW,Midwest,"Sturtevant, WI (RAC)",,Unknown,Uncovered,No,inferred (region modal),,Farmington Hills,MI,,42.4972687,-83.3386
10596,Fayetteville,Open,Southwest,SW,Midwest,"Lancaster, TX",West,UNFI,Uncovered,No,mapped,3425 N College Ave Ste A,Fayetteville,AR,72703,36.1136017,-94.1462
10581,Flagstaff,Open,Southern Pacific,SP,Central West,"Moreno Valley, CA",West,UNFI,Uncovered,No,mapped,320 S Cambridge Ln,Flagstaff,AZ,86001,35.1916618,-111.6412
10651,Florida Avenue,Open,Mid-Atlantic,MA,Northeast,"York, PA",,UNFI,Final Touch,Yes,inferred (region modal),967 Florida Ave NW,Washington,DC,20001,38.9196014,-77.0247
10414,Foggy Bottom,Open,Mid-Atlantic,MA,Northeast,"York, PA",East,UNFI,Final Touch,No,mapped,2201 I St NW,Washington,DC,20037,38.9008446,-77.049
10447,Folsom,Open,Northern California,NC,California,"Rocklin, CA",West,UNFI,Uncovered,No,mapped,270 Palladio Pkwy,Folsom,CA,95630,38.6486931,-121.118
10227,Forest,Open,Southwest,SW,Central West,"Lancaster, TX",West,UNFI,Final Touch,No,mapped,11700 Preston Rd Ste 714,Dallas,TX,75230,32.9073105,-96.8031
10174,Fort Apache,Closed,Southern Pacific,SP,Central West,"Moreno Valley, CA",West,Unknown,Uncovered,No,mapped,8855 W Charleston Blvd,Las Vegas,NV,89117,36.1577911,-115.2882
10147,Fort Collins,Open,Rocky Mountain,RM,Central West,"Aurora, CO",West,UNFI,Basemakers,No,mapped,2201 S College Ave,Fort Collins,CO,80525,40.5589981,-105.0789
10709,Fort Greene,Open,Northeast,NE,Northeast,"Montgomery, NY (HVA)",East,Rainforest,Final Touch,Yes,mapped,292 Ashland Pl,Brooklyn,NY,11217,40.6866074,-73.9784
10669,Fort Myers,Open,Florida,FL,Southeast,"Sarasota, FL",East,UNFI,Uncovered,No,mapped,6891 Daniels Pkwy Ste 100,Fort Myers,FL,33912,26.5479527,-81.8424
10156,Framingham,Open,North Atlantic,,North Atlantic & International,"Chesterfield, NH",East,Rainforest,Final Touch,No,mapped,575 Worcester Rd,Framingham,MA,1701,42.2985954,-71.4211
10044,Franklin,Open,Northern California,NC,California,"Gilroy, CA",West,UNFI,Basemakers,No,mapped,1765 California St,San Francisco,CA,94109,37.7899475,-122.4234
10375,Fremont,Open,Pacific Northwest,PN,Central West,"Ridgefield, WA",West,UNFI,Basemakers,No,mapped,3535 NE 15th Ave,Portland,OR,97212,45.5490608,-122.6511
10467,Fremont Mowry,Open,Northern California,NC,California,"Rocklin, CA",West,UNFI,Uncovered,No,mapped,3111 Mowry Ave,Fremont,CA,94538,37.5548973,-121.9851
10026,Fresh Pond,Open,North Atlantic,,North Atlantic & International,"Dayville, CT",East,Rainforest,Uncovered,No,mapped,200 Alewife Brook Pkwy,Cambridge,MA,2138,42.3890648,-71.1417
10122,Fresno,Open,Northern California,NC,California,"Rocklin, CA",West,UNFI,Uncovered,No,mapped,650 W Shaw Ave,Fresno,CA,93704,36.8092804,-119.8053
10426,Friendly Plaza,Open,South,SO,Southeast,"Atlanta, GA",East,UNFI,Uncovered,No,mapped,3202 W Friendly Ave,Greensboro,NC,27408,36.0856247,-79.834
10211,Friendship Heights,Open,Mid-Atlantic,MA,Northeast,"York, PA",East,UNFI,Final Touch,Yes,mapped,4420 Willard Ave,Chevy Chase,MD,20815,38.9608955,-77.0866
10470,Frisco,Open,Rocky Mountain,RM,Central West,"Aurora, CO",West,UNFI,Uncovered,No,mapped,261 Lusher Ct,Frisco,CO,80443,39.5885315,-106.1004
10117,Ft Lauderdale,Open,Florida,FL,Southeast,"Sarasota, FL",East,UNFI,Final Touch,No,mapped,2000 N Federal Hwy,Fort Lauderdale,FL,33305,26.1536713,-80.1176
10332,Ft Worth,Open,Southwest,SW,Central West,"Lancaster, TX",West,UNFI,Final Touch,Yes,mapped,3720 Vision Dr,Fort Worth,TX,76109,32.7000198,-97.413
10183,"GWI Duluth, GA (Gwinnett)",Closed,South,SO,Southeast,"Atlanta, GA",,Unknown,Uncovered,No,inferred (region modal),2025 Satellite Pointe,Duluth,GA,30096,33.9538994,-84.1519
10704,Gainesville,Open,Florida,FL,Southeast,"Sarasota, FL",East,UNFI,Uncovered,No,mapped,3490 SW Archer Rd,Gainesville,FL,32608,29.6257076,-82.376
10166,Galleria,Open,Midwest,MW,Midwest,"Iowa City, IA",East,UNFI,Uncovered,No,mapped,1601 S Brentwood Blvd,Saint Louis,MO,63144,38.6270523,-90.3477
10036,Gateway,Open,Southwest,SW,Central West,"Lancaster, TX",West,UNFI,Final Touch,No,mapped,9607 Research Blvd Ste 300,Austin,TX,78759,30.3892937,-97.7415
10039,Georgetown,Closed,Mid-Atlantic,MA,Northeast,"York, PA",East,Unknown,Uncovered,No,mapped,2323 Wisconsin Ave NW,Washington,DC,20007,38.9209366,-77.0713
10562,Germantown,Open,South,SO,Southeast,"Atlanta, GA",East,UNFI,Uncovered,No,mapped,7825 Highway 72,Germantown,TN,38138,35.0890656,-89.8021
10530,Gilman,Open,Northern California,NC,California,"Rocklin, CA",West,UNFI,Uncovered,No,mapped,1025 Gilman St,Berkeley,CA,94710,37.8808746,-122.2976
10336,Glastonbury,Open,North Atlantic,,North Atlantic & International,"Dayville, CT",East,Rainforest,Final Touch,No,mapped,55 Welles St,Glastonbury,CT,6033,41.7148438,-72.6078
10353,Glen Mills,Open,Mid-Atlantic,MA,Northeast,"York, PA",East,UNFI,Final Touch,No,mapped,475 Wilmington W Chester Pike,Glen Mills,PA,19342,39.8634987,-75.5431
10021,Glendale,Closed,Southern Pacific,SP,California,"Moreno Valley, CA",,Unknown,Uncovered,No,inferred (region modal),123 Main Street,Austin,TX,78703,34.1580086,-118.24
10179,Glendale,Open,Southern Pacific,SP,California,"Moreno Valley, CA",West,UNFI,Basemakers,No,mapped,331 N Glendale Ave,Glendale,CA,91206,34.1509933,-118.2459
50091,Global Test Kitchen,Open,Southwest,SW,Central,"Lancaster, TX",,UNFI,Uncovered,No,inferred (region modal),6201 Bolm Rd Ste 101,Austin,TX,78721,30.2551147,-97.6839
10780,Glover Park,Open,Mid-Atlantic,MA,Northeast,"York, PA",,UNFI,Uncovered,No,inferred (region modal),2323 Wisconsin Ave NW,Washington,DC,20007,38.9209366,-77.0713
10107,Gold Coast,Closed,Midwest,MW,Midwest,"Sturtevant, WI (RAC)",East,Unknown,Uncovered,No,mapped,30 W Huron St,Chicago,IL,60654,41.8951988,-87.6294
10471,Governors Ranch,Open,Rocky Mountain,RM,Central West,"Aurora, CO",West,UNFI,Uncovered,No,mapped,5155 S Wadsworth Blvd,Littleton,CO,80123,39.6231537,-105.0922
10790,Grand Rapids,Open,Midwest,MW,Midwest,"Sturtevant, WI (RAC)",,UNFI,Uncovered,No,inferred (region modal),2897 Radcliff Ave SE,Kentwood,MI,49512,42.911087,-85.5928
10570,Green Bay Road,Open,Midwest,MW,Midwest,"Sturtevant, WI (RAC)",East,UNFI,Final Touch,No,mapped,2748 Green Bay Rd,Evanston,IL,60201,42.0679207,-87.702
10241,Green Hills,Open,South,SO,Southeast,"Atlanta, GA",East,UNFI,Basemakers,No,mapped,4021 Hillsboro Pike,Nashville,TN,37215,36.1031342,-86.8185
10537,Greenway,Open,Pacific Northwest,PN,Central West,"Ridgefield, WA",West,UNFI,Basemakers,No,mapped,12220 SW Scholls Ferry Rd,Tigard,OR,97223,45.4424934,-122.8018
10057,Greenwich,Open,Northeast,NE,Northeast,"Montgomery, NY (HVA)",East,Rainforest,Final Touch,No,mapped,90 E Putnam Ave,Greenwich,CT,6830,41.033123,-73.6239
10565,H Street,Open,Mid-Atlantic,MA,Northeast,"York, PA",East,UNFI,Final Touch,No,mapped,600 H St NE,Washington,DC,20002,38.9004478,-76.9981
10012,Hadley,Open,North Atlantic,,North Atlantic & International,"Chesterfield, NH",East,Rainforest,Uncovered,No,mapped,327 Russell St # 9,Hadley,MA,1035,42.3532639,-72.5554
10362,Haight,Open,Northern California,NC,California,"Gilroy, CA",West,UNFI,Basemakers,No,mapped,690 Stanyan St,San Francisco,CA,94117,37.7695618,-122.4528
10203,Halsted,Open,Midwest,MW,Midwest,"Sturtevant, WI (RAC)",East,UNFI,Final Touch,No,mapped,3640 N Halsted St,Chicago,IL,60613,41.948349,-87.6497
10638,Harbor East,Open,Mid-Atlantic,MA,Northeast,"York, PA",,UNFI,Final Touch,No,inferred (region modal),711 S Central Ave,Baltimore,MD,21202,39.2829018,-76.5985
10114,Harbor East CLOSED,Closed,Mid-Atlantic,MA,Northeast,"York, PA",East,Unknown,Uncovered,No,mapped,1001 Fleet St,Baltimore,MD,21202,39.2840843,-76.6001
10517,Harlem,Open,Northeast,NE,Northeast,"Montgomery, NY (HVA)",East,Rainforest,Final Touch,Yes,mapped,100 W 125th St,New York,NY,10027,40.8075981,-73.9461
10221,Harrison,Open,Northern California,NC,California,"Rocklin, CA",West,UNFI,Uncovered,No,mapped,230 Bay Pl,Oakland,CA,94612,37.8129349,-122.2605
10849,Hell's Kitchen,Open,Northeast,NE,Northeast,"Montgomery, NY (HVA)",,Rainforest,Final Touch,No,inferred (region modal),301 W 50th St,New York,NY,10019,40.7626534,-73.9863
10219,Henderson,Open,Southern Pacific,SP,Central West,"Moreno Valley, CA",West,UNFI,Uncovered,No,mapped,100 S Green Valley Pkwy,Henderson,NV,89012,36.0232735,-115.0825
10345,Hennepin,Open,Midwest,MW,Midwest,"Iowa City, IA",East,UNFI,Uncovered,No,mapped,222 Hennepin Ave S,Minneapolis,MN,55401,44.9825096,-93.2691
10140,Highland Park,Open,Southwest,SW,Central West,"Lancaster, TX",West,UNFI,Final Touch,No,mapped,4100 Lomo Alto Dr,Dallas,TX,75219,32.8204384,-96.8147
10498,Highland Village,Open,Southwest,SW,Central West,"Lancaster, TX",West,UNFI,Final Touch,No,mapped,4041 Waller Crk,Highland Village,TX,75077,33.0726204,-97.0844
10142,Highlands Ranch,Open,Rocky Mountain,RM,Central West,"Aurora, CO",West,UNFI,Basemakers,No,mapped,9366 S Colorado Blvd Ste B,Highlands Ranch,CO,80126,39.5450439,-104.9421
10798,Highlands Ranch Wine & Spirits,Closed,Rocky Mountain,RM,Central West,"Aurora, CO",,Unknown,Uncovered,No,inferred (region modal),9364 S Colorado Blvd C-2,Highlands Ranch,CO,80126,39.54473,-104.9424
10072,Hillcrest,Open,Southern Pacific,SP,California,"Moreno Valley, CA",West,UNFI,Basemakers,No,mapped,711 University Ave,San Diego,CA,92103,32.7481918,-117.1582
10561,Hilton Head Island,Closed,South,SO,Southeast,"Atlanta, GA",East,Unknown,Uncovered,No,mapped,50 Shelter Cove Ln Ste R,Hilton Head Island,SC,29928,32.1874771,-80.7167
10159,Hingham,Open,North Atlantic,,North Atlantic & International,"Chesterfield, NH",East,Rainforest,Final Touch,No,mapped,94 Derby St,Hingham,MA,2043,42.1789436,-70.9078
10364,Hinsdale,Open,Midwest,MW,Midwest,"Sturtevant, WI (RAC)",East,UNFI,Final Touch,No,mapped,500 E Ogden Ave,Hinsdale,IL,60521,41.8174782,-87.9168
10869,Hoboken,Open,Northeast,NE,Northeast,"Montgomery, NY (HVA)",,Rainforest,Final Touch,No,inferred (region modal),101 Washington St,Hoboken,NJ,7030,40.7375603,-74.0305
10243,Hollywood,Open,Pacific Northwest,PN,Central West,"Ridgefield, WA",West,UNFI,Basemakers,No,mapped,4301 NE Sandy Blvd,Portland,OR,97213,45.5369606,-122.6187
10629,Hoover,Closed,South,SO,Southeast,"Lancaster, TX",West,Unknown,Uncovered,No,mapped,3780 Riverchase Vlg Ste 400,Hoover,AL,35244,33.3773117,-86.8009
10399,Huntington Beach,Open,Southern Pacific,SP,California,"Moreno Valley, CA",West,UNFI,Basemakers,No,mapped,7881 Edinger Ave,Huntington Beach,CA,92647,33.7312088,-117.9905
10787,Huntington Station,Open,Northeast,NE,Northeast,"Montgomery, NY (HVA)",,Rainforest,Final Touch,Yes,inferred (region modal),350 Walt Whitman Rd,Huntington Station,NY,11746,40.8166656,-73.4083
10591,Huntsville,Open,South,SO,Southeast,"Atlanta, GA",East,UNFI,Uncovered,No,mapped,2501 Memorial Pkwy SW,Huntsville,AL,35801,34.7121582,-86.5899
10512,Hyannis,Closed,North Atlantic,,North Atlantic & International,"Dayville, CT",East,Rainforest,Uncovered,No,mapped,990 Iyannough Rd,Hyannis,MA,2601,41.6723938,-70.3018
10801,Hyannis Capetown Plaza,Open,North Atlantic,,North Atlantic & International,"Chesterfield, NH",,Rainforest,Uncovered,No,inferred (region modal),790 Iyannough Rd Ste 12,Barnstable,MA,2601,41.6705589,-70.2964
10458,Hyde Park,Open,Midwest,MW,Midwest,"Sturtevant, WI (RAC)",East,UNFI,Final Touch,No,mapped,5118 S Lake Park Ave,Chicago,IL,60615,41.8020248,-87.5882
10652,Independence Heights,Open,Southwest,SW,Central West,"Lancaster, TX",West,UNFI,Final Touch,No,mapped,101 North Loop,Houston,TX,77018,29.8139,-95.3981
10420,Indian School Plaza,Closed,Rocky Mountain,RM,Central West,"Aurora, CO",West,Unknown,Uncovered,No,mapped,2103 Carlisle Blvd NE,Albuquerque,NM,87110,35.1027031,-106.6051
10779,Industry City,Open,Northeast,NE,Northeast,"Montgomery, NY (HVA)",,Rainforest,Final Touch,Yes,inferred (region modal),3906 2nd Ave,Brooklyn,NY,11232,40.6544456,-74.0117
10513,Ink Block,Open,North Atlantic,,North Atlantic & International,"Dayville, CT",East,Rainforest,Final Touch,No,mapped,348 Harrison Ave,Boston,MA,2118,42.3454628,-71.063
10275,Interbay,Open,Pacific Northwest,PN,Central West,"Ridgefield, WA",West,UNFI,Basemakers,No,mapped,2001 15TH AVE W,Seattle,WA,98119,47.6369705,-122.3768
10614,Irvine,Open,Southern Pacific,SP,California,"Moreno Valley, CA",West,UNFI,Basemakers,No,mapped,8525 Irvine Center Dr,Irvine,CA,92618,33.6461639,-117.7444
10486,Jackson,Open,South,SO,Southeast,"Atlanta, GA",East,UNFI,Uncovered,No,mapped,4500 1-55N Suite 99,Jackson,MS,39211,32.3546982,-90.1498
10792,Jackson Wyoming,Open,Rocky Mountain,RM,Central West,"Aurora, CO",,UNFI,Uncovered,No,inferred (region modal),1155 S Hwy 89,Jackson,WY,83001,43.46381,-110.7945
10253,Jacksonville,Open,Florida,FL,Southeast,"Sarasota, FL",East,UNFI,Uncovered,No,mapped,10601 San Jose Blvd,Jacksonville,FL,32257,30.1849747,-81.626
10648,Jacksonville Beach,Open,Florida,FL,Southeast,"Sarasota, FL",,UNFI,Uncovered,No,inferred (region modal),2050 3rd St S,Jacksonville Beach,FL,32250,30.2702827,-81.39
10438,Jamaica Plain,Open,North Atlantic,,North Atlantic & International,"Dayville, CT",East,Rainforest,Final Touch,No,mapped,415 Centre St,Boston,MA,2130,42.3213882,-71.111
10231,Jamboree,Open,Southern Pacific,SP,California,"Moreno Valley, CA",West,UNFI,Basemakers,No,mapped,2847 Park Ave,Tustin,CA,92782,33.6963005,-117.8256
10100,Jenkintown,Open,Mid-Atlantic,MA,Northeast,"York, PA",East,UNFI,Final Touch,No,mapped,1575 The Fairway,Rydal,PA,19046,40.107872,-75.1161
10161,Jericho,Open,Northeast,NE,Northeast,"Montgomery, NY (HVA)",East,Rainforest,Final Touch,Yes,mapped,429 N Broadway,Jericho,NY,11753,40.7889442,-73.5347
10772,Jersey City,Open,Northeast,NE,Northeast,"Montgomery, NY (HVA)",,Rainforest,Final Touch,No,inferred (region modal),135 Greene St,Jersey City,NJ,7311,40.7179031,-74.0367
41103,KCT1 Wallingford CT,Open,Northeast,NE,Northeast,"Montgomery, NY (HVA)",,Rainforest,Uncovered,No,inferred (region modal),1107 Northrop Rd Unit 2,Wallingford,CT,6492,,
40016,KMD-1  Upper Marlboro MD,Open,Mid-Atlantic,MA,Northeast,"York, PA",,UNFI,Uncovered,No,inferred (region modal),16103 Queens Ct,Upper Marlboro,MD,20774,,
40017,KNY-1 New York MicroKitchen (Long Island City NY),Open,Northeast,NE,Northeast,"Montgomery, NY (HVA)",,Rainforest,Uncovered,No,inferred (region modal),43-46 10th St,Long Island City,NY,11101,,
10363,Kahala Mall Oahu,Open,Southern Pacific,SP,California,"Moreno Valley, CA",West,UNFI,Uncovered,No,mapped,4211 Waialae Ave Ste 2000,Honolulu,HI,96816,21.2775288,-157.7867
10368,Kailua,Open,Southern Pacific,SP,California,"Moreno Valley, CA",West,UNFI,Uncovered,No,mapped,629 Kailua Rd,Kailua,HI,96734,21.3936539,-157.743
10457,Kansas City,Open,Rocky Mountain,RM,Midwest,"Aurora, CO",West,UNFI,Uncovered,No,mapped,301 E 51st St,Kansas City,MO,64112,39.0342751,-94.5834
10474,Katy,Open,Southwest,SW,Central West,"Lancaster, TX",West,UNFI,Final Touch,No,mapped,6601 S Fry Rd,Katy,TX,77494,29.7121944,-95.7713
10520,Kenilworth,Open,South,SO,Southeast,"Atlanta, GA",East,UNFI,Uncovered,No,mapped,4 S Tunnel Rd Ste 100,Asheville,NC,28805,35.582386,-82.5231
10590,Kennesaw,Open,South,SO,Southeast,"Atlanta, GA",East,UNFI,Basemakers,No,mapped,1300 Ernest Barrett Parkway,Kennesaw,GA,30144,33.9975281,-84.5896
10180,Kentlands,Open,Mid-Atlantic,MA,Northeast,"York, PA",East,UNFI,Final Touch,No,mapped,316 Kentlands Blvd,Gaithersburg,MD,20878,39.1226425,-77.2377
10666,Kenwood,Open,Midwest,MW,Midwest,"Sturtevant, WI (RAC)",,UNFI,Uncovered,No,inferred (region modal),5901 E Galbraith Rd Ste 105,Cincinnati,OH,45236,39.2052879,-84.3739
10292,Kildeer,Open,Midwest,MW,Midwest,"Sturtevant, WI (RAC)",East,UNFI,Final Touch,No,mapped,20281 N Rand Rd,Kildeer,IL,60074,42.1593513,-88.0441
10115,Kirby,Open,Southwest,SW,Central West,"Lancaster, TX",West,UNFI,Final Touch,No,mapped,2955 Kirby Dr,Houston,TX,77098,29.739315,-95.4181
10655,Kirkland,Open,Pacific Northwest,PN,Central West,"Ridgefield, WA",West,UNFI,Basemakers,No,mapped,12501 120th Ave NE,Kirkland,WA,98034,47.7115211,-122.1797
10461,Knoxville,Open,South,SO,Southeast,"Atlanta, GA",East,UNFI,Uncovered,No,mapped,6730 Papermill Dr,Knoxville,TN,37919,35.9331436,-84.0155
10066,La Jolla,Open,Southern Pacific,SP,California,"Moreno Valley, CA",West,UNFI,Basemakers,No,mapped,8825 Villa La Jolla Dr,La Jolla,CA,92037,32.868763,-117.2306
10361,Ladue (WO)-CLOSED (inactive),Closed,Midwest,MW,Midwest,"Sturtevant, WI (RAC)",,Unknown,Uncovered,No,inferred (region modal),123 Main Street,Austin,TX,78703,38.6539192,-90.3499
10349,Lafayette,Open,Northern California,NC,California,"Rocklin, CA",West,UNFI,Uncovered,No,mapped,3502 Mt Diablo Blvd,Lafayette,CA,94549,37.8932686,-122.1171
10406,Laguna Beach,Open,Southern Pacific,SP,California,"Moreno Valley, CA",West,UNFI,Basemakers,No,mapped,283 Broadway St,Laguna Beach,CA,92651,33.5438576,-117.7838
10437,Laguna Niguel,Open,Southern Pacific,SP,California,"Moreno Valley, CA",West,UNFI,Basemakers,No,mapped,23932 Aliso Creek Rd,Laguna Niguel,CA,92677,33.5544586,-117.7126
10119,Lake Calhoun,Open,Midwest,MW,Midwest,"Iowa City, IA",East,UNFI,Uncovered,No,mapped,3060 Excelsior Blvd,Minneapolis,MN,55416,44.9475632,-93.3224
10240,Lake Grove,Open,Northeast,NE,Northeast,"Montgomery, NY (HVA)",East,Rainforest,Final Touch,No,mapped,120 New Moriches Rd,Lake Grove,NY,11755,40.8697052,-73.1258
10543,Lake Norman,Open,South,SO,Southeast,"Atlanta, GA",East,UNFI,Uncovered,No,mapped,9129 Sam Furr Rd,Huntersville,NC,28078,35.4441032,-80.8717
10654,Lake Oswego,Open,Pacific Northwest,PN,Central West,"Ridgefield, WA",West,UNFI,Basemakers,No,mapped,11 S State St,Lake Oswego,OR,97034,45.4157753,-122.6622
10643,Lakeview,Open,Midwest,MW,Midwest,"Sturtevant, WI (RAC)",East,UNFI,Final Touch,No,mapped,3201 N Ashland Ave,Chicago,IL,60657,41.9398994,-87.6684
10040,Lakeview Old,Closed,Midwest,MW,Midwest,"Sturtevant, WI (RAC)",,Unknown,Uncovered,No,inferred (region modal),3300 N Ashland Ave,Chicago,IL,60657,41.9418831,-87.6691
10283,Lakewood,Open,Southwest,SW,Central West,"Lancaster, TX",West,UNFI,Final Touch,No,mapped,2118 Abrams Rd,Dallas,TX,75214,32.81567,-96.7523
10145,Lamar,Open,Southwest,SW,Central West,"Lancaster, TX",West,UNFI,Final Touch,No,mapped,525 N Lamar Blvd,Austin,TX,78703,30.2705975,-97.7534
50094,Lamar Retail Test Site,Open,Southwest,SW,Central,"Lancaster, TX",,UNFI,Uncovered,No,inferred (region modal),705 N Lamar Blvd Ste 101,Austin,TX,78703,30.2723787,-97.7534
10624,Lancaster,Open,Mid-Atlantic,MA,Northeast,"York, PA",East,UNFI,Final Touch,No,mapped,1563 Fruitville Pike,Lancaster,PA,17601,40.0653496,-76.3132
10502,Las Cimas,Closed,Southwest,SW,Central West,"Lancaster, TX",,Unknown,Uncovered,No,inferred (region modal),807 Las Cimas Pkwy Ste 145,Austin,TX,78746,30.2906529,-97.8288
10627,Las Colinas,Open,Southwest,SW,Central West,"Lancaster, TX",West,UNFI,Final Touch,No,mapped,6741 N MacArthur Blvd,Irving,TX,75039,32.9012794,-96.9604
10286,Las Vegas Blvd,Open,Southern Pacific,SP,Central West,"Moreno Valley, CA",West,UNFI,Uncovered,No,mapped,6689 S Las Vegas Blvd,Las Vegas,NV,89119,36.0674477,-115.1744
10402,Laurelhurst,Open,Pacific Northwest,PN,Central West,"Ridgefield, WA",West,UNFI,Basemakers,No,mapped,2825 E Burnside St,Portland,OR,97214,45.5231171,-122.6367
10838,Lenox Hill,Open,Northeast,NE,Northeast,"Montgomery, NY (HVA)",,Rainforest,Final Touch,No,inferred (region modal),1175 3rd Ave,New York,NY,10065,40.767334,-73.9621
10577,Lexington,Open,Midwest,MW,Midwest,"Sturtevant, WI (RAC)",East,UNFI,Uncovered,No,mapped,4059 Finn Way,Lexington,KY,40517,37.9775887,-84.5286
10325,Lexington_Old,Closed,Midwest,MW,Midwest,"Sturtevant, WI (RAC)",,Unknown,Uncovered,No,inferred (region modal),161 Lexington Green Cir Ste A2,Lexington,KY,40503,37.9941368,-84.5238
10493,Lincoln,Open,Rocky Mountain,RM,Midwest,"Iowa City, IA",East,UNFI,Uncovered,No,mapped,6055 O St,Lincoln,NE,68510,40.8129082,-96.639
10252,Lincoln Park,Open,Midwest,MW,Midwest,"Sturtevant, WI (RAC)",East,UNFI,Final Touch,Yes,mapped,1550 N Kingsbury St,Chicago,IL,60642,41.9091301,-87.6531
10296,Little Rock,Closed,Southwest,SW,Midwest,"Lancaster, TX",,Unknown,Uncovered,No,inferred (region modal),10700 N Rodney Parham Rd,Little Rock,AR,72212,34.7717247,-92.3919
10442,Long Beach,Closed,Southern Pacific,SP,California,"Moreno Valley, CA",West,Unknown,Uncovered,No,mapped,6550 E Pacific Coast Hwy,Long Beach,CA,90803,33.7548943,-118.1094
10688,Long Beach Lakewood,Open,Southern Pacific,SP,California,"Moreno Valley, CA",West,UNFI,Basemakers,No,mapped,3881 N Lakewood Blvd Ste A,Long Beach,CA,90808,33.8298378,-118.1442
10701,Long Beach Relocation,Open,Southern Pacific,SP,California,"Moreno Valley, CA",,UNFI,Basemakers,No,inferred (region modal),6400 E Pacific Coast Hwy,Long Beach,CA,90803,33.7575226,-118.1114
10554,Longmont,Open,Rocky Mountain,RM,Central West,"Aurora, CO",West,UNFI,Basemakers,No,mapped,1250 S Hover St Ste 300,Longmont,CO,80501,40.1451912,-105.1294
10675,Los Alamitos,Closed,Southern Pacific,SP,California,"Moreno Valley, CA",,Unknown,Uncovered,No,inferred (region modal),3131 Katella Ave,Los Alamitos,CA,90720,33.79558,-118.0637
10155,Los Altos,Open,Northern California,NC,California,"Gilroy, CA",West,UNFI,Uncovered,No,mapped,4800 El Camino Real,Los Altos,CA,94022,37.3989906,-122.1106
10027,Los Gatos,Open,Northern California,NC,California,"Gilroy, CA",West,UNFI,Uncovered,No,mapped,15980 Los Gatos Blvd,Los Gatos,CA,95032,37.2361183,-121.9614
10186,Louisville,Open,Midwest,MW,Midwest,"Sturtevant, WI (RAC)",East,UNFI,Uncovered,No,mapped,4944 Shelbyville Rd,Louisville,KY,40207,38.2485046,-85.627
10452,Lynnfield,Open,North Atlantic,,North Atlantic & International,"Chesterfield, NH",East,Rainforest,Final Touch,No,mapped,100 Market St,Lynnfield,MA,1940,42.514183,-71.0322
10436,Lynnwood,Open,Pacific Northwest,PN,Central West,"Ridgefield, WA",West,UNFI,Basemakers,No,mapped,2800 196th St SW,Lynnwood,WA,98036,47.8198128,-122.2725
10043,Madison,Closed,Midwest,MW,Midwest,"Sturtevant, WI (RAC)",East,Unknown,Uncovered,No,mapped,3313 University Ave,Madison,WI,53705,43.0748787,-89.4442
10630,Madison Broadway,Closed,Pacific Northwest,PN,Central West,"Ridgefield, WA",West,Unknown,Uncovered,No,mapped,1001 Broadway,Seattle,WA,98122,47.6113014,-122.321
10776,Madison Segoe,Open,Midwest,MW,Midwest,"Sturtevant, WI (RAC)",,UNFI,Uncovered,No,inferred (region modal),4710 Madison Yards Way,Madison,WI,53705,43.0747414,-89.4578
10441,Malibu,Open,Southern Pacific,SP,California,"Moreno Valley, CA",,UNFI,Basemakers,No,inferred (region modal),23401 Civic Center Way,Malibu,CA,90265,34.038517,-118.6864
10631,Mandeville,Open,Southwest,SW,Southeast,"Lancaster, TX",West,UNFI,Uncovered,No,mapped,3450 Highway 190,Mandeville,LA,70471,30.3905373,-90.0859
10063,Manhasset,Open,Northeast,NE,Northeast,"Montgomery, NY (HVA)",East,Rainforest,Final Touch,Yes,mapped,2101 Northern Blvd,Manhasset,NY,11030,40.7972145,-73.6708
10713,Manhattan West,Open,Northeast,NE,Northeast,"Montgomery, NY (HVA)",,Rainforest,Final Touch,Yes,inferred (region modal),368 10th Ave,New York,NY,10001,40.7527618,-74
10490,Maple Grove,Open,Midwest,MW,Midwest,"Iowa City, IA",East,UNFI,Uncovered,No,mapped,12201 Elm Creek Blvd N,Maple Grove,MN,55369,45.0915298,-93.4359
10597,Market Square,Open,Midwest,MW,Midwest,"Sturtevant, WI (RAC)",East,UNFI,Uncovered,No,mapped,320 E Market St,Indianapolis,IN,46204,39.7685928,-86.1524
10451,Marlboro,Open,Northeast,NE,Northeast,"Montgomery, NY (HVA)",East,Rainforest,Final Touch,No,mapped,113 Route 9 South,marlboro,NJ,7726,40.3519135,-74.3093
10086,Marlton,Open,Mid-Atlantic,MA,Northeast,"York, PA",East,UNFI,Final Touch,No,mapped,940 Route 73 N,Marlton,NJ,8053,39.9080734,-74.938
10340,Mason,Open,Midwest,MW,Midwest,"Sturtevant, WI (RAC)",East,UNFI,Uncovered,No,mapped,5805 Deerfield Blvd,Mason,OH,45040,39.3076057,-84.3166
10749,Massapequa,Open,Northeast,NE,Northeast,"Montgomery, NY (HVA)",,Rainforest,Final Touch,Yes,inferred (region modal),5214 Sunrise Hwy,Massapequa,NY,11762,40.6761665,-73.4437
10374,Maui Mall Maui,Open,Southern Pacific,SP,California,"Moreno Valley, CA",West,UNFI,Uncovered,No,mapped,70 E Kaahumanu Ave Ste B,Kahului,HI,96732,20.891489,-156.4644
10321,McEwen,Open,South,SO,Southeast,"Atlanta, GA",East,UNFI,Basemakers,No,mapped,1566 W McEwen Dr,Franklin,TN,37067,35.9344444,-86.8247
10819,McKinney,Open,Southwest,SW,Central West,"Lancaster, TX",,UNFI,Final Touch,No,inferred (region modal),8701 W University Dr,McKinney,TX,75071,33.2175789,-96.7319
10356,Meadowood CLOSED,Closed,Northern California,NC,Central West,"Rocklin, CA",,Unknown,Uncovered,No,inferred (region modal),5695 S. Virginia St.,Reno,NV,89502,39.473423,-119.7882
10380,Medford,Open,North Atlantic,,North Atlantic & International,"Chesterfield, NH",East,Rainforest,Final Touch,No,mapped,2151 Mystic Valley Pkwy,Medford,MA,2155,42.4171333,-71.1267
10510,Melrose,Open,North Atlantic,,North Atlantic & International,"Chesterfield, NH",East,Rainforest,Final Touch,No,mapped,880 Main St,Melrose,MA,2176,42.4647446,-71.0624
10342,Merchants Walk,Open,South,SO,Southeast,"Atlanta, GA",East,UNFI,Basemakers,No,mapped,1311 Johnson Ferry Rd Ste 580,Marietta,GA,30068,33.9809914,-84.4278
10141,Metcalf,Closed,Rocky Mountain,RM,Midwest,"Aurora, CO",West,Unknown,Uncovered,No,mapped,7401 W 91st St,Overland Park,KS,66212,38.9634323,-94.6713
10602,Metuchen,Open,Northeast,NE,Northeast,"Montgomery, NY (HVA)",East,Rainforest,Final Touch,No,mapped,645 Middlesex Ave,Metuchen,NJ,8840,40.5397987,-74.366
10191,Miami,Open,Florida,FL,Southeast,"Sarasota, FL",East,UNFI,Final Touch,No,mapped,299 SE 3rd St,Miami,FL,33131,25.7720776,-80.1896
10781,Miami Midtown,Open,Florida,FL,Southeast,"Sarasota, FL",,UNFI,Final Touch,No,inferred (region modal),2910 Biscayne Blvd,Miami,FL,33137,25.8045483,-80.1896
10213,Middletown,Open,Northeast,NE,Northeast,"Montgomery, NY (HVA)",East,Rainforest,Final Touch,No,mapped,471 State Route 35,Red Bank,NJ,7701,40.3753738,-74.0873
10650,Midtown Atlanta,Open,South,SO,Southeast,"Atlanta, GA",East,UNFI,Basemakers,No,mapped,22 14th St NW Ste C,Atlanta,GA,30309,33.7863998,-84.389
10465,Midtown Detroit,Open,Midwest,MW,Midwest,"Sturtevant, WI (RAC)",East,UNFI,Uncovered,No,mapped,115 Mack Ave,Detroit,MI,48201,42.3484917,-83.0567
10645,Midtown Houston,Closed,Southwest,SW,Central West,"Lancaster, TX",,Unknown,Uncovered,No,inferred (region modal),515 Elgin St,Houston,TX,77006,29.7441998,-95.3807
10723,Midtown Tampa,Open,Florida,FL,Southeast,"Sarasota, FL",,UNFI,Uncovered,No,inferred (region modal),3740 Midtown Dr,Tampa,FL,33607,27.9524555,-82.5047
10389,Milford,Open,Northeast,NE,North Atlantic & International,"Montgomery, NY (HVA)",East,Rainforest,Final Touch,No,mapped,1686 Boston Post Rd,Milford,CT,6460,41.2482529,-73.0252
10412,Mill Plain,Closed,Pacific Northwest,PN,Central West,"Ridgefield, WA",West,Unknown,Uncovered,No,mapped,815 SE 160th Ave,Vancouver,WA,98683,45.6146126,-122.5061
10009,Mill Valley,Closed,Northern California,NC,California,"Rocklin, CA",West,Unknown,Uncovered,No,mapped,414 Miller Ave,Mill Valley,CA,94941,37.8961105,-122.5362
10312,Millburn Union,Open,Northeast,NE,Northeast,"Montgomery, NY (HVA)",East,Rainforest,Final Touch,Yes,mapped,2245 Springfield Ave,Vauxhall,NJ,7088,40.7170372,-74.2868
10060,"Millburn, NJ",Closed,Northeast,NE,Northeast,"Montgomery, NY (HVA)",,Rainforest,Final Touch,No,inferred (region modal),187 Millburn Ave,Millburn,NJ,7041,40.7230453,-74.2962
10197,Milwaukee,Open,Midwest,MW,Midwest,"Sturtevant, WI (RAC)",East,UNFI,Uncovered,No,mapped,2305 N Prospect Ave,Milwaukee,WI,53211,43.0603256,-87.8838
10422,Minnetonka,Open,Midwest,MW,Midwest,"Iowa City, IA",East,UNFI,Uncovered,No,mapped,1001 Plymouth Rd,Minnetonka,MN,55305,44.9739571,-93.4457
10521,Mobile,Closed,South,SO,Southeast,"Atlanta, GA",East,Unknown,Uncovered,No,mapped,3968 Airport Blvd,Mobile,AL,36608,30.677103,-88.151
10398,Montana Avenue,Open,Southern Pacific,SP,California,"Moreno Valley, CA",West,UNFI,Basemakers,No,mapped,1425 Montana Ave,Santa Monica,CA,90403,34.0327988,-118.4947
10059,Montclair,Open,Northeast,NE,Northeast,"Montgomery, NY (HVA)",East,Rainforest,Final Touch,Yes,mapped,701 Bloomfield Ave,Montclair,NJ,7042,40.8184738,-74.223
10087,Monterey,Open,Northern California,NC,California,"Gilroy, CA",West,UNFI,Uncovered,No,mapped,800 Del Monte Ctr,Monterey,CA,93940,36.5833817,-121.9004
10610,Montgomery,Closed,South,SO,Southeast,"Atlanta, GA",East,Unknown,Uncovered,No,mapped,1450 Taylor Rd,Montgomery,AL,36117,32.3585968,-86.1727
10346,Montrose,Open,Southwest,SW,Central West,"Lancaster, TX",West,UNFI,Final Touch,No,mapped,701 Waugh Dr,Houston,TX,77019,29.7580338,-95.3976
10519,Morristown,Open,Northeast,NE,Northeast,"Montgomery, NY (HVA)",East,Rainforest,Final Touch,Yes,mapped,110 Washington St,Morristown,NJ,7960,40.7992363,-74.4888
10064,Mount Washington,Open,Mid-Atlantic,MA,Northeast,"York, PA",East,UNFI,Final Touch,No,mapped,1330 Smith Ave,Baltimore,MD,21209,39.3682976,-76.6495
10209,Mountain Brook,Open,South,SO,Southeast,"Atlanta, GA",East,UNFI,Uncovered,No,mapped,3100 Cahaba Village Plz,Mountain Brk,AL,35243,33.4600868,-86.7523
10564,My Street Grocery 365,Closed,Pacific Northwest,PN,Central West,"Ridgefield, WA",,Unknown,Uncovered,No,inferred (region modal),4302 NE Sandy Blvd,Portland,OR,97213,45.5364458,-122.6188
10288,Napa,Open,Northern California,NC,California,"Rocklin, CA",West,UNFI,Uncovered,No,mapped,3682 Bel Aire Plz,Napa,CA,94558,38.3235016,-122.3066
10129,Naperville,Open,Midwest,MW,Midwest,"Sturtevant, WI (RAC)",East,UNFI,Final Touch,No,mapped,2607 W 75th St,Naperville,IL,60540,41.7488937,-88.2
10322,Napleone (base),Closed,Florida,FL,Southeast,"Sarasota, FL",,Unknown,Uncovered,No,inferred (region modal),6424 Naples Blvd,Naples,FL,34109,26.2214375,-81.7704
10192,Naples,Open,Florida,FL,Southeast,"Sarasota, FL",East,UNFI,Uncovered,No,mapped,9101 Strada Pl,Naples,FL,34108,26.2546253,-81.8002
10843,Nashua South,Open,North Atlantic,,North Atlantic & International,"Chesterfield, NH",,Rainforest,Final Touch,No,inferred (region modal),272 Daniel Webster Hwy,Nashua,NH,3060,42.7067909,-71.4412
10685,Nashville Downtown,Open,South,SO,Southeast,"Atlanta, GA",,UNFI,Basemakers,No,inferred (region modal),1202 Broadway,Nashville,TN,37203,36.1562996,-86.7886
10295,"Nashville, TN (Hillsboro Pike)",Closed,South,SO,Southeast,"Atlanta, GA",,Unknown,Uncovered,No,inferred (region modal),3909 Hillsborough Pike,Nashville,TN,,36.1052895,-86.8153
10435,New Center Point,Closed,Rocky Mountain,RM,Central West,"Aurora, CO",,Unknown,Uncovered,No,inferred (region modal),3180 New Center Pt,Colorado Springs,CO,80922,38.8780823,-104.7184
10003,"New Orleans, LA (Esplanade)",Closed,Southwest,SW,Southeast,"Lancaster, TX",,Unknown,Uncovered,No,inferred (region modal),3135 Esplanade,New Orleans,LA,70119,29.9798794,-90.0829
10559,Newark,Open,Northeast,NE,Northeast,"Montgomery, NY (HVA)",East,Rainforest,Final Touch,No,mapped,633 Broad St,Newark,NJ,7102,40.7400589,-74.1701
10468,Newport Beach,Open,Southern Pacific,SP,California,"Moreno Valley, CA",West,UNFI,Basemakers,No,mapped,415 Newport Center Dr,Newport Beach,CA,92660,33.6166267,-117.8738
10525,Newport News,Open,Mid-Atlantic,MA,Southeast,"York, PA",East,UNFI,Uncovered,No,mapped,12090 Jefferson Ave Ste 100,Newport News,VA,23606,37.1038971,-76.4896
10013,Newton,Open,North Atlantic,,North Atlantic & International,"Chesterfield, NH",East,Rainforest,Uncovered,No,mapped,916 Walnut St,Newton,MA,2461,42.3300171,-71.2064
10092,Newtonville,Open,North Atlantic,,North Atlantic & International,"Chesterfield, NH",East,Rainforest,Final Touch,No,mapped,647 Washington St,Newtonville,MA,2458,42.3541298,-71.2001
10625,Newtown,Open,Mid-Atlantic,MA,Northeast,"York, PA",East,UNFI,Final Touch,No,mapped,3737 W Chester Pike,Newtown Square,PA,19073,39.9878235,-75.4039
10773,NoMad,Open,Northeast,NE,Northeast,"Montgomery, NY (HVA)",,Rainforest,Final Touch,Yes,inferred (region modal),63 Madison Ave,New York,NY,10016,40.7438011,-73.9857
10379,Noe Valley,Open,Northern California,NC,California,"Gilroy, CA",West,UNFI,Basemakers,No,mapped,3950 24th St,San Francisco,CA,94114,37.751915,-122.4308
10686,North Hollywood,Closed,Southern Pacific,SP,California,"Moreno Valley, CA",,Unknown,Uncovered,No,inferred (region modal),5101 Lankershim Blvd,North Hollywood,CA,91601,34.1629302,-118.3736
10477,North Miami,Open,Florida,FL,Southeast,"Sarasota, FL",East,UNFI,Final Touch,No,mapped,12150 Biscayne Blvd,North Miami,FL,33181,25.8878632,-80.1653
10462,North Nashua,Open,North Atlantic,,North Atlantic & International,"Chesterfield, NH",East,Rainforest,Final Touch,No,mapped,225 Amherst St,Nashua,NH,3063,42.7795715,-71.4965
10338,North Raleigh,Open,South,SO,Southeast,"Atlanta, GA",East,UNFI,Basemakers,No,mapped,8710 Six Forks Rd,Raleigh,NC,27615,35.8992729,-78.6506
10052,North Wales,Closed,Mid-Atlantic,MA,Northeast,"York, PA",East,Unknown,Uncovered,No,mapped,1210 Bethlehem Pike,North Wales,PA,19454,40.2087975,-75.2272
10244,Northbrook,Open,Midwest,MW,Midwest,"Sturtevant, WI (RAC)",East,UNFI,Final Touch,No,mapped,840 Willow Rd Ste M,Northbrook,IL,60062,42.1066284,-87.8008
10697,Northside Buckhead,Open,South,SO,Southeast,"Atlanta, GA",East,UNFI,Basemakers,No,mapped,3535 Northside Pkwy NW,Atlanta,GA,30327,33.8501816,-84.4296
10234,Novato,Open,Northern California,NC,California,"Rocklin, CA",West,UNFI,Uncovered,No,mapped,790 De Long Ave,Novato,CA,94945,38.1058807,-122.5654
10429,"ORA Tucson, AZ (Oracle) - CLOSED",Closed,Southern Pacific,SP,Central West,"Moreno Valley, CA",,Unknown,Uncovered,No,inferred (region modal),7133 North Oracle Road,Tucson,AZ,85704,32.3365555,-110.9783
10278,"OSU Upper Arlington, OH (West Lane) CLOSED",Closed,Mid-Atlantic,MA,Midwest,"York, PA",,Unknown,Uncovered,No,inferred (region modal),1555 Lane Street,Upper Arlington,OH,43221,40.0064545,-83.0555
10432,Ocean,Open,Northern California,NC,California,"Gilroy, CA",West,UNFI,Basemakers,No,mapped,1150 Ocean Ave,San Francisco,CA,94112,37.7237015,-122.4544
10448,Ohio State,Closed,Midwest,MW,Midwest,"Sturtevant, WI (RAC)",,Unknown,Uncovered,No,inferred (region modal),,Upper Arlington,OH,,40.0064545,-83.0555
10376,Oklahoma City,Open,Southwest,SW,Midwest,"Lancaster, TX",West,UNFI,Uncovered,No,mapped,6001 N Western Ave,Oklahoma City,OK,73118,35.5340385,-97.5304
10538,Olathe,Open,Rocky Mountain,RM,Midwest,"Aurora, CO",West,UNFI,Uncovered,No,mapped,14615 W 119th St,Olathe,KS,66062,38.9114647,-94.7566
10185,Old Town,Open,Mid-Atlantic,MA,Northeast,"York, PA",East,UNFI,Final Touch,No,mapped,1700 Duke St,Alexandria,VA,22314,38.8040886,-77.06
10740,One Chicago,Open,Midwest,MW,Midwest,"Sturtevant, WI (RAC)",,UNFI,Final Touch,No,inferred (region modal),3 W Chicago Ave,Chicago,IL,60654,41.8964653,-87.6285
10696,One Wall Street,Open,Northeast,NE,Northeast,"Montgomery, NY (HVA)",,Rainforest,Final Touch,No,inferred (region modal),66 Broadway,New York,NY,10005,40.7074013,-74.0119
10469,Oracle 2,Open,Southern Pacific,SP,Central West,"Moreno Valley, CA",West,UNFI,Uncovered,No,mapped,7133 N Oracle Rd,Tucson,AZ,85704,32.3365555,-110.9783
10664,Orange Village,Open,Midwest,MW,Midwest,"Sturtevant, WI (RAC)",East,UNFI,Uncovered,No,mapped,50 Wall St,Beachwood,OH,44122,41.4500885,-81.4849
10481,Orland Park,Open,Midwest,MW,Midwest,"Sturtevant, WI (RAC)",East,UNFI,Final Touch,No,mapped,15260 S La Grange Rd,Orland Park,IL,60462,41.6127014,-87.855
10410,Overland Park,Closed,Rocky Mountain,RM,Midwest,"Aurora, CO",West,Unknown,Uncovered,No,mapped,6621 W 119th St,Overland Park,KS,66209,38.9115677,-94.6625
10800,Overland Park New,Open,Rocky Mountain,RM,Midwest,"Aurora, CO",,UNFI,Uncovered,No,inferred (region modal),11900 Metcalf Ave,Overland Park,KS,66213,38.9124222,-94.669
10318,Oxnard,Open,Southern Pacific,SP,California,"Moreno Valley, CA",West,UNFI,Basemakers,No,mapped,650 Town Center Dr,Oxnard,CA,93036,34.2402573,-119.1794
10135,P Street,Open,Mid-Atlantic,MA,Northeast,"York, PA",East,UNFI,Final Touch,No,mapped,1440 P St NW,Washington,DC,20005,38.9093704,-77.0334
10277,"POP Memphis, TN (Poplar)-EXPIRED",Closed,South,SO,Southeast,"Atlanta, GA",,Unknown,Uncovered,No,inferred (region modal),5022 Poplar Avenue,Memphis,TN,38112,35.113018,-89.8945
10089,"PRS Dallas, TX (Preston Forest) EXPIRED",Closed,Southwest,SW,Central West,"Lancaster, TX",,Unknown,Uncovered,No,inferred (region modal),11661 Preston Rd,Dallas,TX,75240,32.9081993,-96.8054
10055,"PTN Palatine, IL (CLOSED)",Closed,Midwest,MW,Midwest,"Sturtevant, WI (RAC)",,Unknown,Uncovered,No,inferred (region modal),1331 N Rand Rd,Palatine,IL,60067,42.136879,-88.0151
10225,Pacific Coast Hwy,Open,Southern Pacific,SP,California,"Moreno Valley, CA",West,UNFI,Basemakers,No,mapped,760 S Pacific Coast Hwy,El Segundo,CA,90245,33.9063187,-118.3928
10188,Palm Beach Gardens,Open,Florida,FL,Southeast,"Sarasota, FL",East,UNFI,Final Touch,No,mapped,11701 Lake Victoria Gardens Ave,Palm Beach Gardens,FL,33410,26.8482342,-80.0943
10359,Palm Desert,Open,Southern Pacific,SP,California,"Moreno Valley, CA",West,UNFI,Uncovered,No,mapped,44459 Town Center Way,Palm Desert,CA,92260,33.7255898,-116.3999
10005,Palo Alto,Open,Northern California,NC,California,"Gilroy, CA",West,UNFI,Uncovered,No,mapped,774 Emerson St,Palo Alto,CA,94301,37.4422798,-122.1594
10172,Paradise Valley,Closed,Southern Pacific,SP,Central West,"Moreno Valley, CA",West,Unknown,Uncovered,No,mapped,10810 N Tatum Blvd,Phoenix,AZ,85028,33.5850449,-111.9791
10788,Paradise Valley Mall,Open,Southern Pacific,SP,Central West,"Moreno Valley, CA",,UNFI,Uncovered,No,inferred (region modal),12500 N Tatum Blvd,Phoenix,AZ,85032,33.6007805,-111.9819
10279,Paramus,Open,Northeast,NE,Northeast,"Montgomery, NY (HVA)",East,Rainforest,Final Touch,Yes,mapped,300 Bergen Town Ctr,Paramus,NJ,7652,40.9138451,-74.0573
10440,Park City,Closed,Rocky Mountain,RM,Central West,"Aurora, CO",,Unknown,Uncovered,No,inferred (region modal),1748 Redstone Center Dr,Park City,UT,84098,40.7213783,-111.5431
10239,Park Lane,Open,Southwest,SW,Central West,"Lancaster, TX",West,UNFI,Final Touch,No,mapped,8190 Park Ln Ste 351,Dallas,TX,75231,32.8679962,-96.768
10495,Park Ridge,Open,Midwest,MW,Midwest,"Sturtevant, WI (RAC)",East,UNFI,Final Touch,No,mapped,225 W Touhy Ave,Park Ridge,IL,60068,42.0107079,-87.8246
10826,Parker,Open,Rocky Mountain,RM,Central West,"Aurora, CO",,UNFI,Basemakers,No,inferred (region modal),8665 Kings Point Way,Parker,CO,80138,39.5592346,-104.7749
10098,Parkway,Open,Southwest,SW,Central West,"Lancaster, TX",West,UNFI,Final Touch,No,mapped,801 E Lamar Blvd,Arlington,TX,76011,32.7669182,-97.0989
10501,Parsippany,Open,Northeast,NE,Northeast,"Montgomery, NY (HVA)",,Rainforest,Final Touch,Yes,inferred (region modal),60 Waterview Blvd,Parsippany,NJ,7054,40.8753319,-74.4319
10108,Pasadena,Open,Southern Pacific,SP,California,"Moreno Valley, CA",West,UNFI,Basemakers,No,mapped,3751 E Foothill Blvd,Pasadena,CA,91107,34.151104,-118.0722
10392,"Pasadena, CA (Lake)",Closed,Southern Pacific,SP,California,"Moreno Valley, CA",,Unknown,Uncovered,No,inferred (region modal),603 S. Lake Avenue,Pasadena,CA,91106,34.1356621,-118.1328
10083,Pearl,Open,Rocky Mountain,RM,Central West,"Aurora, CO",West,UNFI,Basemakers,No,mapped,2905 Pearl St,Boulder,CO,80301,40.0238571,-105.2559
10193,Pembroke Pines,Open,Florida,FL,Southeast,"Sarasota, FL",East,UNFI,Final Touch,Yes,mapped,14956 Pines Blvd,Pembroke Pines,FL,33027,26.0065117,-80.3497
10531,Pentagon City,Open,Mid-Atlantic,MA,Northeast,"York, PA",East,UNFI,Final Touch,Yes,mapped,520 12th St S Ste 100,Arlington,VA,22202,38.8626938,-77.0546
10138,Petaluma,Open,Northern California,NC,California,"Rocklin, CA",West,UNFI,Uncovered,No,mapped,621 E Washington St,Petaluma,CA,94952,38.241188,-122.6344
10067,Philadelphia,Closed,Mid-Atlantic,MA,Northeast,"York, PA",,Unknown,Uncovered,No,inferred (region modal),2001 Pennsylvania Ave,Philadelphia,PA,19130,39.9615517,-75.1725
10514,Philly Center City,Open,Mid-Atlantic,MA,Northeast,"York, PA",East,UNFI,Final Touch,No,mapped,2101 Pennsylvania Ave,Philadelphia,PA,19130,39.9631844,-75.1743
10146,Pikes Peak,Open,Rocky Mountain,RM,Central West,"Aurora, CO",West,UNFI,Basemakers,No,mapped,7635 N Academy Blvd,Colorado Springs,CO,80920,38.9420166,-104.7976
10274,Pinecrest,Closed,Florida,FL,Southeast,"Sarasota, FL",East,Unknown,Uncovered,No,mapped,11701 S Dixie Hwy,Pinecrest,FL,33156,25.6622448,-80.3247
10694,Pittsburgh,Open,Mid-Atlantic,MA,Midwest,"York, PA",,UNFI,Uncovered,No,inferred (region modal),5700 Penn Ave,Pittsburgh,PA,15206,40.4622002,-79.9286
10181,Pittsburgh OLD,Closed,Mid-Atlantic,MA,Midwest,"York, PA",East,Unknown,Uncovered,No,mapped,5880 Centre Ave,Pittsburgh,PA,15206,40.4584579,-79.9289
10030,Plano,Open,Southwest,SW,Central West,"Lancaster, TX",West,UNFI,Final Touch,Yes,mapped,2201 Preston Rd Ste C,Plano,TX,75093,33.0292816,-96.7968
10069,Plantation,Closed,Florida,FL,Southeast,"Sarasota, FL",,Unknown,Uncovered,No,inferred (region modal),7720 Peters Rd,Plantation,FL,33324,26.1041698,-80.252
10536,Playa Vista,Open,Southern Pacific,SP,California,"Moreno Valley, CA",West,UNFI,Basemakers,No,mapped,12746 W Jefferson Blvd,Playa Vista,CA,90094,33.9769325,-118.4182
10079,Plymouth,Closed,Midwest,MW,Midwest,"Sturtevant, WI (RAC)",,Unknown,Uncovered,No,inferred (region modal),123 Main Street,Austin,TX,78703,42.2955093,-83.7061
10249,Plymouth Meeting,Open,Mid-Atlantic,MA,Northeast,"York, PA",East,UNFI,Final Touch,No,mapped,500 W Germantown Pike,Plymouth Meeting,PA,19462,40.1141815,-75.2811
10352,Pompano Beach,Open,Florida,FL,Southeast,"Sarasota, FL",East,UNFI,Final Touch,No,mapped,2411 N Federal Hwy,Pompano Beach,FL,33064,26.2615204,-80.101
10196,Ponce de Leon,Open,South,SO,Southeast,"Atlanta, GA",East,UNFI,Basemakers,No,mapped,650 Ponce de Leon Ave NE,Atlanta,GA,30308,33.7748032,-84.3658
10480,Poplar Avenue,Open,South,SO,Southeast,"Atlanta, GA",East,UNFI,Uncovered,No,mapped,5014 Poplar Ave,Memphis,TN,38117,35.1131477,-89.8942
10483,Port Chester,Open,Northeast,NE,Northeast,"Montgomery, NY (HVA)",East,Rainforest,Final Touch,Yes,mapped,575 Boston Post Rd,Port Chester,NY,10573,40.9925423,-73.6755
10175,Porter Ranch,Closed,Southern Pacific,SP,California,"Moreno Valley, CA",West,Unknown,Uncovered,No,mapped,19340 Rinaldi St,Northridge,CA,91326,34.2733612,-118.5549
10695,Porter Ranch New,Open,Southern Pacific,SP,California,"Moreno Valley, CA",,UNFI,Basemakers,No,inferred (region modal),20209 Rinaldi St,Porter Ranch,CA,91326,34.2757988,-118.5747
10148,Portland,Open,Pacific Northwest,PN,Central West,"Ridgefield, WA",West,UNFI,Basemakers,No,mapped,1210 NW Couch St,Portland,OR,97209,45.5235062,-122.6834
10291,Portland ME,Open,North Atlantic,,North Atlantic & International,"Chesterfield, NH",East,Rainforest,Final Touch,No,mapped,2 Somerset St,Portland,ME,4101,43.6632996,-70.2588
10778,Portsmouth,Open,North Atlantic,,North Atlantic & International,"Chesterfield, NH",,Rainforest,Uncovered,No,inferred (region modal),1600 Woodbury Ave,Portsmouth,NH,3801,43.0892181,-70.7937
10251,Post Oak,Open,Southwest,SW,Central West,"Lancaster, TX",West,UNFI,Final Touch,No,mapped,1700 Post Oak Blvd,Houston,TX,77056,29.7492981,-95.4619
10238,Potrero Hill,Open,Northern California,NC,California,"Gilroy, CA",West,UNFI,Basemakers,No,mapped,450 Rhode Island St,San Francisco,CA,94107,37.7646332,-122.4028
10582,Prescott,Closed,Southern Pacific,SP,Central West,"Moreno Valley, CA",,Unknown,Uncovered,No,inferred (region modal),1112 W Iron Springs Rd,Prescott,AZ,86305,34.5595818,-112.4839
10187,Princeton,Open,Mid-Atlantic,MA,Northeast,"York, PA",East,UNFI,Final Touch,No,mapped,3495 US Highway 1,Princeton,NJ,8540,40.3081474,-74.6682
10014,Providence,Open,North Atlantic,,North Atlantic & International,"Dayville, CT",East,Rainforest,Uncovered,No,mapped,261 Waterman St,Providence,RI,2906,41.8277855,-71.3862
10615,Queen,Open,Southern Pacific,SP,California,"Moreno Valley, CA",West,UNFI,Uncovered,No,mapped,388 Kamakee St Ste 100,Honolulu,HI,96814,21.2946625,-157.8523
10080,"RCH Rochester Hills, MI (Closed/Expired)",Closed,Midwest,MW,Midwest,"Sturtevant, WI (RAC)",,Unknown,Uncovered,No,inferred (region modal),1404 Walton Blvd,Rochester Hills,MI,48309,42.6825638,-83.1582
10004,"RIC Richardson, TX - EXPIRED",Closed,Southwest,SW,Central West,"Lancaster, TX",,Unknown,Uncovered,No,inferred (region modal),60 Dal-Rich Village,Richardson,TX,75080,32.9496689,-96.7676
10047,"RKV CLOSED Rockville, MD",Closed,Mid-Atlantic,MA,Northeast,"York, PA",,Unknown,Uncovered,No,inferred (region modal),1649 Rockville Pike,Rockville,MD,20852,39.0620384,-77.1272
10446,"RNT Scottsdale, AZ (Raintree) CLOSED",Closed,Southern Pacific,SP,Central West,"Moreno Valley, CA",,Unknown,Uncovered,No,inferred (region modal),8688 East Raintree Drive,Scottsdale,AZ,85260,33.6206703,-111.8952
10016,Raleigh,Open,South,SO,Southeast,"Atlanta, GA",East,UNFI,Basemakers,No,mapped,3540 Wade Ave,Raleigh,NC,27607,35.8024559,-78.6864
10260,Redmond,Open,Pacific Northwest,PN,Central West,"Ridgefield, WA",West,UNFI,Basemakers,No,mapped,17991 Redmond Way,Redmond,WA,98052,47.6662636,-122.1017
10024,Redondo Beach,Open,Southern Pacific,SP,California,"Moreno Valley, CA",West,UNFI,Basemakers,No,mapped,405 N Pacific Coast Hwy,Redondo Beach,CA,90277,33.8473663,-118.3894
10154,Redwood City,Open,Northern California,NC,California,"Gilroy, CA",West,UNFI,Uncovered,No,mapped,1250 Jefferson Ave,Redwood City,CA,94062,37.4823112,-122.2316
10169,Regency,Open,Rocky Mountain,RM,Midwest,"Iowa City, IA",East,UNFI,Uncovered,No,mapped,10020 Regency Cir,Omaha,NE,68114,41.2619019,-96.0685
10293,Reno,Open,Northern California,NC,Central West,"Rocklin, CA",West,UNFI,Uncovered,No,mapped,6139 S Virginia St,Reno,NV,89502,39.4688416,-119.7869
10061,Reston,Closed,Mid-Atlantic,MA,Northeast,"York, PA",East,Unknown,Uncovered,No,mapped,11660 Plaza America Dr,Reston,VA,20190,38.9517097,-77.3492
10827,Reston Town Center,Open,Mid-Atlantic,MA,Northeast,"York, PA",,UNFI,Final Touch,No,inferred (region modal),1861 Fountain Dr,Reston,VA,20190,38.9617996,-77.3551
10656,Riata Cafe,Closed,Southwest,SW,Central West,"Lancaster, TX",,Unknown,Uncovered,No,inferred (region modal),12331 Riata Trace Pkwy,Austin,TX,78727,30.4278251,-97.7444
10106,Ridgewood,Open,Northeast,NE,Northeast,"Montgomery, NY (HVA)",East,Rainforest,Final Touch,Yes,mapped,44 Godwin Ave,Ridgewood,NJ,7450,40.9783707,-74.1226
10029,River Forest,Open,Midwest,MW,Midwest,"Sturtevant, WI (RAC)",East,UNFI,Final Touch,No,mapped,7245 Lake St,River Forest,IL,60305,41.8872871,-87.8064
10475,River Road,Open,Southern Pacific,SP,Central West,"Moreno Valley, CA",West,UNFI,Uncovered,No,mapped,5555 E River Rd,Tucson,AZ,85750,32.274929,-110.8744
10113,River Street,Open,North Atlantic,,North Atlantic & International,"Dayville, CT",East,Rainforest,Final Touch,No,mapped,340 River St,Cambridge,MA,2139,42.3610954,-71.1142
10463,Riverdale Park,Open,Mid-Atlantic,MA,Northeast,"York, PA",East,UNFI,Final Touch,Yes,mapped,6621 Baltimore Ave # B,Riverdale Park,MD,20737,38.9691849,-76.9367
10298,Roaring Fork,Open,Rocky Mountain,RM,Central West,"Aurora, CO",West,UNFI,Uncovered,No,mapped,340 Reed St,Basalt,CO,81621,39.3870277,-107.0828
10662,Rochester,Open,Northeast,NE,North Atlantic & International,"Montgomery, NY (HVA)",,Rainforest,Uncovered,No,inferred (region modal),2740 Monroe Ave,Rochester,NY,14618,43.1141243,-77.5503
10330,Rochester Hills,Open,Midwest,MW,Midwest,"Sturtevant, WI (RAC)",East,UNFI,Uncovered,No,mapped,2918 Walton Blvd,Rochester Hills,MI,48309,42.6821404,-83.1917
10235,Rockville White Flint,Open,Mid-Atlantic,MA,Northeast,"York, PA",East,UNFI,Final Touch,Yes,mapped,11355 Woodglen Dr,Rockville,MD,20852,39.0429764,-77.113
10484,Rocky River,Open,Midwest,MW,Midwest,"Sturtevant, WI (RAC)",East,UNFI,Uncovered,No,mapped,19607 Detroit Rd,Rocky River,OH,44116,41.4787903,-81.84
10103,Roosevelt Square,Open,Pacific Northwest,PN,Central West,"Ridgefield, WA",West,UNFI,Basemakers,No,mapped,1026 NE 64th St,Seattle,WA,98115,47.6752548,-122.3166
10157,Rose City,Open,Northeast,NE,Northeast,"Montgomery, NY (HVA)",East,Rainforest,Final Touch,Yes,mapped,222 Main St,Madison,NJ,7940,40.753479,-74.4054
10230,Roseville,Open,Northern California,NC,California,"Rocklin, CA",West,UNFI,Uncovered,No,mapped,1001 Galleria Blvd,Roseville,CA,95678,38.7673378,-121.2673
10783,S. Asheville,Open,South,SO,Southeast,"Atlanta, GA",,UNFI,Uncovered,No,inferred (region modal),1856 Hendersonville Rd,Asheville,NC,28803,35.5010376,-82.5214
10151,SOMA,Open,Northern California,NC,California,"Gilroy, CA",West,UNFI,Basemakers,No,mapped,399 4th St,San Francisco,CA,94107,37.7811546,-122.3996
10046,"STC Cupertino, CA - CLOSED/ASSIGNED",Closed,Northern California,NC,California,"Rocklin, CA",,Unknown,Uncovered,No,inferred (region modal),20830 Stevens Creek Blvd,Cupertino,CA,95014,37.3218994,-122.0337
10270,SW Whole Foods Market Catering,Open,Southwest,SW,Central West,"Lancaster, TX",,UNFI,Uncovered,No,inferred (region modal),6201 Bolm Rd,Austin,TX,78721,30.2551147,-97.6839
10152,Sacramento,Open,Northern California,NC,California,"Rocklin, CA",West,UNFI,Uncovered,No,mapped,4315 Arden Way,Sacramento,CA,95864,38.5966377,-121.3638
10584,San Luis Obispo,Open,Southern Pacific,SP,California,"Moreno Valley, CA",West,UNFI,Uncovered,No,mapped,1531 Froom Ranch Way,San Luis Obispo,CA,93405,35.2506371,-120.6874
10150,San Mateo,Open,Northern California,NC,California,"Gilroy, CA",West,UNFI,Basemakers,No,mapped,1010 Park Pl,San Mateo,CA,94403,37.5439339,-122.2917
10071,San Rafael,Open,Northern California,NC,California,"Rocklin, CA",West,UNFI,Uncovered,No,mapped,340 3rd St,San Rafael,CA,94901,37.9712372,-122.5168
10126,San Ramon,Open,Northern California,NC,California,"Rocklin, CA",West,UNFI,Uncovered,No,mapped,100 Sunset Dr The Shops at Bishop Ranch,San Ramon,CA,94583,37.7617607,-121.9613
10136,Sandy Springs,Open,South,SO,Southeast,"Atlanta, GA",East,UNFI,Basemakers,No,mapped,5930 Roswell Rd,Atlanta,GA,30328,33.9180717,-84.3799
10255,Santa Barbara,Open,Southern Pacific,SP,California,"Moreno Valley, CA",West,UNFI,Basemakers,No,mapped,3761 State St,Santa Barbara,CA,93105,34.4393463,-119.7455
10633,Santa Clara,Open,Northern California,NC,California,"Gilroy, CA",West,UNFI,Uncovered,No,mapped,2732 Augustine Dr Ste 1600,Santa Clara,CA,95054,37.3807983,-121.976
10329,Santa Cruz,Open,Northern California,NC,California,"Gilroy, CA",West,UNFI,Uncovered,No,mapped,911 Soquel Ave,Santa Cruz,CA,95062,36.9788399,-122.0146
10173,Santa Monica,Open,Southern Pacific,SP,California,"Moreno Valley, CA",West,UNFI,Basemakers,No,mapped,2201 Wilshire Blvd,Santa Monica,CA,90403,34.0333519,-118.4812
10653,Santa Monica Pico,Open,Southern Pacific,SP,California,"Moreno Valley, CA",West,UNFI,Basemakers,No,mapped,2121 Cloverfield Blvd,Santa Monica,CA,90404,34.0219383,-118.4654
10149,Santa Rosa,Closed,Northern California,NC,California,"Rocklin, CA",,Unknown,Uncovered,No,inferred (region modal),,Santa Rosa,CA,,38.4424553,-122.6747
10139,Santa Rosa,Open,Northern California,NC,California,"Rocklin, CA",West,UNFI,Uncovered,No,mapped,1181 Yulupa Ave,Santa Rosa,CA,95405,38.4424095,-122.6745
10189,Sarasota,Open,Florida,FL,Southeast,"Sarasota, FL",East,UNFI,Uncovered,No,mapped,1451 1st St,Sarasota,FL,34236,27.3376541,-82.5412
10170,Sauganash,Open,Midwest,MW,Midwest,"Sturtevant, WI (RAC)",East,UNFI,Final Touch,Yes,mapped,6020 N Cicero Ave,Chicago,IL,60646,41.9903679,-87.7488
10489,Savannah,Open,South,SO,Southeast,"Atlanta, GA",East,UNFI,Uncovered,No,mapped,1821 E Victory Dr,Savannah,GA,31404,32.0431938,-81.0713
10276,Schaumburg,Open,Midwest,MW,Midwest,"Sturtevant, WI (RAC)",East,UNFI,Final Touch,No,mapped,750 N Martingale Rd,Schaumburg,IL,60173,42.04245,-88.0364
10585,Schererville,Open,Midwest,MW,Midwest,"Sturtevant, WI (RAC)",East,UNFI,Uncovered,No,mapped,199 US Highway 41,Schererville,IN,46375,41.5192795,-87.4706
10246,Scottsdale,Open,Southern Pacific,SP,Central West,"Moreno Valley, CA",West,UNFI,Uncovered,No,mapped,7111 E Mayo Blvd,Phoenix,AZ,85054,33.6537895,-111.9272
10137,Sebastopol,Open,Northern California,NC,California,"Rocklin, CA",West,UNFI,Uncovered,No,mapped,6910 McKinley Ave,Sebastopol,CA,95472,38.4037781,-122.8241
10583,Sedona,Open,Southern Pacific,SP,Central West,"Moreno Valley, CA",West,UNFI,Uncovered,No,mapped,1420 W State Route 89A,Sedona,AZ,86336,34.8635368,-111.785
10443,Sharon Road,Open,South,SO,Southeast,"Atlanta, GA",East,UNFI,Uncovered,No,mapped,6610 Fairview Rd,Charlotte,NC,28210,35.1472778,-80.8302
10001,Shepherd,Closed,Southwest,SW,Central West,"Lancaster, TX",,Unknown,Uncovered,No,inferred (region modal),2900 South Shepherd,Houston,TX,77098,29.7388039,-95.4112
10671,Sherman,Open,Southern Pacific,SP,California,"Moreno Valley, CA",,UNFI,Basemakers,No,inferred (region modal),14311 Ventura Blvd,Sherman Oaks,CA,91423,34.15065,-118.4449
10020,Sherman Oaks,Closed,Southern Pacific,SP,California,"Moreno Valley, CA",West,Unknown,Uncovered,No,mapped,12905 Riverside Dr,Sherman Oaks,CA,91423,34.1579857,-118.4141
10784,Sherman Oaks East,Open,Southern Pacific,SP,California,"Moreno Valley, CA",,UNFI,Basemakers,No,inferred (region modal),12905 Riverside Dr,Sherman Oaks,CA,91423,34.1579857,-118.4141
10038,Sherman Oaks West,Open,Southern Pacific,SP,California,"Moreno Valley, CA",West,UNFI,Basemakers,No,mapped,4520 Sepulveda Blvd,Sherman Oaks,CA,91403,34.1518822,-118.4666
10257,Short Pump,Open,Mid-Atlantic,MA,Southeast,"York, PA",East,UNFI,Uncovered,No,mapped,11173 W Broad St,Glen Allen,VA,23060,37.6478958,-77.5996
10575,Shreveport,Open,Southwest,SW,Southeast,"Lancaster, TX",West,UNFI,Uncovered,No,mapped,1380 E 70th St,Shreveport,LA,71105,32.4439697,-93.727
10619,Shrewsbury,Open,North Atlantic,,North Atlantic & International,"Dayville, CT",East,Rainforest,Final Touch,No,mapped,193 Boston Tpke,Shrewsbury,MA,1545,42.2754021,-71.7466
10658,Silver Lake,Open,Southern Pacific,SP,California,"Moreno Valley, CA",West,UNFI,Basemakers,No,mapped,2520 Glendale Blvd,Los Angeles,CA,90039,34.1028976,-118.2586
10118,Silver Spring,Open,Mid-Atlantic,MA,Northeast,"York, PA",East,UNFI,Final Touch,Yes,mapped,833 Wayne Ave,Silver Spring,MD,20910,38.9960594,-77.0241
10034,Sixth and Lamar-CLOSED (inacti,Closed,Southwest,SW,Central West,"Lancaster, TX",,Unknown,Uncovered,No,inferred (region modal),123 Main Street,Austin,TX,78703,30.2716923,-97.7534
10028,Skillman-CLOSED (inactive),Closed,Southwest,SW,Central West,"Lancaster, TX",,Unknown,Uncovered,No,inferred (region modal),123 Main Street,Austin,TX,78703,32.8794899,-96.7357
10081,Somerset,Closed,Midwest,MW,Midwest,"Sturtevant, WI (RAC)",,Unknown,Uncovered,No,inferred (region modal),2880 W Maple Rd,Troy,MI,48084,42.5485573,-83.1852
10511,Somerville,Open,North Atlantic,,North Atlantic & International,"Chesterfield, NH",East,Rainforest,Final Touch,No,mapped,45 Beacon St,Somerville,MA,2143,42.3758507,-71.1032
10281,Sonoma,Open,Northern California,NC,California,"Rocklin, CA",West,UNFI,Uncovered,No,mapped,201 W Napa St,Sonoma,CA,95476,38.2913246,-122.4627
10285,South Beach,Open,Florida,FL,Southeast,"Sarasota, FL",East,UNFI,Final Touch,No,mapped,1020 Alton Rd,Miami Beach,FL,33139,25.7809677,-80.1412
10482,South Bend,Open,Midwest,MW,Midwest,"Sturtevant, WI (RAC)",East,UNFI,Uncovered,No,mapped,4230 Grape Rd,Mishawaka,IN,46545,41.6990242,-86.1857
10563,South Capitol Hill,Open,Mid-Atlantic,MA,Northeast,"York, PA",East,UNFI,Final Touch,Yes,mapped,101 H St,Washington,DC,20003,38.8802605,-77.0051
10242,South Hills,Open,Mid-Atlantic,MA,Midwest,"York, PA",East,UNFI,Final Touch,No,mapped,111 Siena Dr,Upper St Clair,PA,15241,40.3460312,-80.0581
10703,South Lake Tahoe (NC),Open,Northern California,NC,California,"Rocklin, CA",,UNFI,Uncovered,No,inferred (region modal),3600 Lake Tahoe Blvd,South Lake Tahoe,CA,96150,38.9472008,-119.9592
10171,South Loop,Open,Midwest,MW,Midwest,"Sturtevant, WI (RAC)",East,UNFI,Final Touch,No,mapped,1101 S Canal St,Chicago,IL,60607,41.8685036,-87.6385
10112,South Street,Open,Mid-Atlantic,MA,Northeast,"York, PA",East,UNFI,Final Touch,No,mapped,929 South St,Philadelphia,PA,19147,39.9428978,-75.1579
10506,South Weymouth,Open,North Atlantic,,North Atlantic & International,"Chesterfield, NH",East,Rainforest,Final Touch,No,mapped,35 Pleasant St,South Weymouth,MA,2190,42.1720734,-70.9536
10794,South Windsor,Open,North Atlantic,,North Atlantic & International,"Chesterfield, NH",,Rainforest,Uncovered,No,inferred (region modal),800 Evergreen Way,South Windsor,CT,6074,41.8153992,-72.5557
10273,Southglenn,Open,Rocky Mountain,RM,Central West,"Aurora, CO",West,UNFI,Basemakers,No,mapped,6853 S York St Ste 119,Centennial,CO,80122,39.5920525,-104.9621
10439,Speedway,Open,Southern Pacific,SP,Central West,"Moreno Valley, CA",West,UNFI,Uncovered,No,mapped,3360 E Speedway Blvd,Tucson,AZ,85716,32.2355843,-110.9215
10599,Spring House,Open,Mid-Atlantic,MA,Northeast,"York, PA",East,UNFI,Final Touch,No,mapped,1111 N Bethlehem Pike,Spring House,PA,19477,40.1882095,-75.2275
10587,Spring Lake Wall,Open,Northeast,NE,Northeast,"Montgomery, NY (HVA)",East,Rainforest,Final Touch,Yes,mapped,1933 State Route 35,Wall Township,NJ,7719,40.154644,-74.0569
10056,Springfield,Closed,Mid-Atlantic,MA,Northeast,"York, PA",East,Unknown,Uncovered,No,mapped,8402 Old Keene Mill Rd,Springfield,VA,22152,38.7800446,-77.2349
10795,Springfield Plaza,Open,Mid-Atlantic,MA,Northeast,"York, PA",,UNFI,Final Touch,No,inferred (region modal),6426 Springfield Plz,Springfield,VA,22150,38.7799149,-77.1901
10836,St Charles,Open,Midwest,MW,Midwest,"Sturtevant, WI (RAC)",,UNFI,Final Touch,No,inferred (region modal),300 S 2nd,Saint Charles,IL,60174,41.9108772,-88.3139
10314,St Francis,Closed,Rocky Mountain,RM,Central West,"Aurora, CO",,Unknown,Uncovered,No,inferred (region modal),1090 S Saint Francis Dr,Santa Fe,NM,87505,35.6747665,-105.9544
10535,St Louis Central West End,Open,Midwest,MW,Midwest,"Iowa City, IA",East,UNFI,Uncovered,No,mapped,4577 W Pine Blvd,Saint Louis,MO,63108,38.6419868,-90.2617
10542,St Paul,Open,Midwest,MW,Midwest,"Iowa City, IA",East,UNFI,Uncovered,No,mapped,1575 Selby Ave,Saint Paul,MN,55104,44.9466896,-93.1667
10035,St Paul OLD,Closed,Midwest,MW,Midwest,"Sturtevant, WI (RAC)",,Unknown,Uncovered,No,inferred (region modal),30 Fairview Ave S,Saint Paul,MN,55105,44.9405251,-93.1765
10793,St Petersburg,Open,Florida,FL,Southeast,"Sarasota, FL",,UNFI,Uncovered,No,inferred (region modal),201 38th Ave N,Saint Petersburg,FL,33704,27.8085899,-82.6358
10818,Stamford,Open,Northeast,NE,Northeast,"Montgomery, NY (HVA)",,Rainforest,Final Touch,Yes,inferred (region modal),110 High Ridge Rd,Stamford,CT,6905,41.0751991,-73.5505
10416,Stephanie (base),Closed,Southern Pacific,SP,Central West,"Moreno Valley, CA",,Unknown,Uncovered,No,inferred (region modal),517 N Stephanie St,Henderson,NV,89014,36.0577507,-115.054
10267,Stevens Creek,Open,Northern California,NC,California,"Gilroy, CA",West,UNFI,Uncovered,No,mapped,20955 Stevens Creek Blvd,Cupertino,CA,95014,37.3234978,-122.0397
10717,Stonestown,Open,Northern California,NC,California,"Rocklin, CA",,UNFI,Basemakers,No,inferred (region modal),3251 20th Ave Ste 340,San Francisco,CA,94132,37.7293549,-122.4763
10571,Streeterville,Open,Midwest,MW,Midwest,"Sturtevant, WI (RAC)",East,UNFI,Final Touch,No,mapped,255 E Grand Ave,Chicago,IL,60611,41.8916702,-87.6209
10861,Stuytown,Open,Northeast,NE,Northeast,"Montgomery, NY (HVA)",,Rainforest,Final Touch,No,inferred (region modal),409 E 14th St,New York,NY,10009,40.7310562,-73.9809
10691,Sudbury,Open,North Atlantic,,North Atlantic & International,"Dayville, CT",East,Rainforest,Uncovered,No,mapped,536 Boston Post Rd,Sudbury,MA,1776,42.3611984,-71.4318
10258,Sugar Land,Open,Southwest,SW,Central West,"Lancaster, TX",West,UNFI,Final Touch,No,mapped,15900 Southwest Fwy,Sugar Land,TX,77478,29.6000519,-95.6234
10415,Sugarhouse,Open,Rocky Mountain,RM,Central West,"Aurora, CO",West,UNFI,Basemakers,No,mapped,1131 E Wilmington Ave,Salt Lake City,UT,84106,40.7237206,-111.8589
10814,Summerlin,Open,Southern Pacific,SP,Central West,"Moreno Valley, CA",,UNFI,Uncovered,No,inferred (region modal),2475 S Town Center Dr,Las Vegas,NV,89135,36.1465111,-115.3294
10707,Sunnyvale,Open,Northern California,NC,California,"Rocklin, CA",,UNFI,Uncovered,No,inferred (region modal),150 E Mc Kinley Ave,Sunnyvale,CA,94086,37.3739815,-122.0305
10445,Superior,Open,Rocky Mountain,RM,Central West,"Aurora, CO",West,UNFI,Basemakers,No,mapped,303 Marshall Rd,Superior,CO,80027,39.9565468,-105.1679
10222,Swampscott,Open,North Atlantic,,North Atlantic & International,"Chesterfield, NH",East,Rainforest,Final Touch,No,mapped,331 Paradise Rd,Swampscott,MA,1907,42.4791794,-70.9051
10031,Symphony,Open,North Atlantic,,North Atlantic & International,"Chesterfield, NH",East,Rainforest,Final Touch,No,mapped,15 Westland Ave,Boston,MA,2115,42.3439636,-71.0873
10023,"THO Thousand Oaks, CA",Closed,Southern Pacific,SP,California,"Moreno Valley, CA",,Unknown,Uncovered,No,inferred (region modal),451 Avenida de los Arboles,Thousand Oaks,CA,91360,34.2091103,-118.868
10478,Tallahassee,Open,South,SO,Southeast,"Sarasota, FL",East,UNFI,Uncovered,No,mapped,1817 Thomasville Rd,Tallahassee,FL,32303,30.4629803,-84.2699
10207,Tamarac,Open,Rocky Mountain,RM,Central West,"Aurora, CO",West,UNFI,Basemakers,No,mapped,7400 E Hampden Ave,Denver,CO,80231,39.6520195,-104.9018
10299,Tampa,Closed,Florida,FL,Southeast,"Sarasota, FL",East,Unknown,Uncovered,No,mapped,1548 N Dale Mabry Hwy,Tampa,FL,33607,27.9569283,-82.5088
10327,Tanasbourne,Open,Pacific Northwest,PN,Central West,"Ridgefield, WA",West,UNFI,Basemakers,No,mapped,9440 NW Cornell Rd,Hillsboro,OR,97124,45.5337753,-122.8771
10282,Tarzana,Closed,Southern Pacific,SP,California,"Moreno Valley, CA",West,Unknown,Uncovered,No,mapped,18700 Ventura Blvd Ste 190,Tarzana,CA,91356,34.170578,-118.5412
10708,Temescal,Open,Northern California,NC,California,"Rocklin, CA",,UNFI,Uncovered,No,inferred (region modal),5110 Telegraph Ave,Oakland,CA,94609,37.8373985,-122.262
10084,Tempe,Closed,Southern Pacific,SP,Central West,"Moreno Valley, CA",West,Unknown,Uncovered,No,mapped,5120 S Rural Rd,Tempe,AZ,85282,33.3796501,-111.9298
10347,Tempe (New),Open,Southern Pacific,SP,Central West,"Moreno Valley, CA",,UNFI,Uncovered,No,inferred (region modal),750 S Ash Ave Ste 101,Tempe,AZ,85281,33.4224014,-111.943
10424,Tenaya,Open,Southern Pacific,SP,Central West,"Moreno Valley, CA",West,UNFI,Uncovered,No,mapped,7250 W Lake Mead Blvd,Las Vegas,NV,89128,36.1975708,-115.2501
10062,Tenley Town,Open,Mid-Atlantic,MA,Northeast,"York, PA",East,UNFI,Final Touch,No,mapped,4530 40th St NW Tenley Circle,Washington,DC,20016,38.9490547,-77.0793
10640,Tennyson Allegro Retail Cafe,Closed,Rocky Mountain,RM,Central,"Aurora, CO",,Unknown,Uncovered,No,inferred (region modal),4040 Tennyson St,Denver,CO,80212,39.7724,-105.0438
10259,The Alameda,Open,Northern California,NC,California,"Gilroy, CA",West,UNFI,Uncovered,No,mapped,777 The Alameda,San Jose,CA,95126,37.3322945,-121.905
10204,Thousand Oaks,Open,Southern Pacific,SP,California,"Moreno Valley, CA",West,UNFI,Basemakers,No,mapped,740 N Moorpark Rd,Thousand Oaks,CA,91360,34.1877098,-118.8733
10672,Toledo,Closed,Midwest,MW,Midwest,"Sturtevant, WI (RAC)",,Unknown,Uncovered,No,inferred (region modal),3420 Secor Rd,Toledo,OH,43606,41.6830597,-83.6216
10105,Torrance,Open,Southern Pacific,SP,California,"Moreno Valley, CA",West,UNFI,Basemakers,No,mapped,2655 Pacific Coast Hwy,Torrance,CA,90505,33.7924461,-118.331
10303,Town and Country,Open,Midwest,MW,Midwest,"Iowa City, IA",East,UNFI,Uncovered,No,mapped,1160 Town and Country Crossing Dr,Town and Country,MO,63017,38.6220932,-90.5159
10769,Towson,Open,Mid-Atlantic,MA,Northeast,"York, PA",,UNFI,Final Touch,Yes,inferred (region modal),300 Towson Row,Towson,MD,21204,39.3985558,-76.6035
10245,Tribeca,Open,Northeast,NE,Northeast,"Montgomery, NY (HVA)",East,Rainforest,Final Touch,Yes,mapped,270 Greenwich St,New York,NY,10007,40.7156181,-74.0116
10718,Trinity,Closed,Northern California,NC,California,"Rocklin, CA",,Unknown,Uncovered,No,inferred (region modal),1185 Market St,San Francisco,CA,94103,37.7786407,-122.4142
10280,Trolley Square,Open,Rocky Mountain,RM,Central West,"Aurora, CO",West,UNFI,Basemakers,No,mapped,544 S 700 E,Salt Lake City,UT,84102,40.7579269,-111.8718
10304,Tulsa,Open,Southwest,SW,Midwest,"Lancaster, TX",West,UNFI,Uncovered,No,mapped,1401 E 41st St,Tulsa,OK,74105,36.1047707,-95.9731
10037,"Tustin, CA (TERMINATED)",Closed,Southern Pacific,SP,California,"Moreno Valley, CA",,Unknown,Uncovered,No,inferred (region modal),14945 Holt Ave,Tustin,CA,92780,33.7467918,-117.8157
10049,Tysons,Closed,Mid-Atlantic,MA,Northeast,"York, PA",East,Unknown,Uncovered,No,mapped,7511 Leesburg Pike,Falls Church,VA,22043,38.9028969,-77.205
10647,Tysons Corner,Open,Mid-Atlantic,MA,Northeast,"York, PA",,UNFI,Final Touch,No,inferred (region modal),1635 Boro Pl,McLean,VA,22102,38.9250984,-77.2331
10162,Union Square,Open,Northeast,NE,Northeast,"Montgomery, NY (HVA)",East,Rainforest,Final Touch,Yes,mapped,4 Union Sq S,New York,NY,10003,40.7347412,-73.9912
10626,Union Station,Open,Rocky Mountain,RM,Central West,"Aurora, CO",West,UNFI,Basemakers,No,mapped,1701 Wewatta St,Denver,CO,80202,39.7545815,-105.0014
10111,University,Open,North Atlantic,,North Atlantic & International,"Dayville, CT",East,Rainforest,Final Touch,No,mapped,601 N Main St,Providence,RI,2904,41.8371391,-71.4083
10642,University Station,Open,Florida,FL,Southeast,"Sarasota, FL",East,UNFI,Uncovered,No,mapped,5298 University Pkwy,Sarasota,FL,34243,27.3868942,-82.4645
10676,Upland,Open,Southern Pacific,SP,California,"Moreno Valley, CA",West,UNFI,Basemakers,No,mapped,2153 W Baseline Rd,Upland,CA,91784,34.1229439,-117.6925
10518,Upper East Side,Open,Northeast,NE,Northeast,"Montgomery, NY (HVA)",East,Rainforest,Final Touch,Yes,mapped,1551 3rd Ave,New York,NY,10128,40.7797432,-73.9529
10328,Upper West Side,Open,Northeast,NE,Northeast,"Montgomery, NY (HVA)",East,Rainforest,Final Touch,Yes,mapped,808 Columbus Ave,New York,NY,10025,40.7941704,-73.9668
10644,Uptown Charlotte,Open,South,SO,Southeast,"Atlanta, GA",East,UNFI,Uncovered,No,mapped,400 E Brooklyn Village Ave Ste A,Charlotte,NC,28202,35.221199,-80.8465
10505,Uptown Dallas,Open,Southwest,SW,Central West,"Lancaster, TX",West,UNFI,Final Touch,No,mapped,2510 McKinney Ave,Dallas,TX,75201,32.7954216,-96.8017
10178,Valencia,Open,Southern Pacific,SP,California,"Moreno Valley, CA",West,UNFI,Basemakers,No,mapped,24130 Valencia Blvd,Valencia,CA,91355,34.4124413,-118.5559
10333,Venice,Open,Southern Pacific,SP,California,"Moreno Valley, CA",West,UNFI,Basemakers,No,mapped,225 Lincoln Blvd,Venice,CA,90291,34.0013008,-118.4698
10680,Vernon Hills,Open,Midwest,MW,Midwest,"Sturtevant, WI (RAC)",East,UNFI,Final Touch,No,mapped,851 N Milwaukee Ave,Vernon Hills,IL,60061,42.2412033,-87.9438
10202,Veterans,Open,Southwest,SW,Southeast,"Lancaster, TX",West,UNFI,Uncovered,No,mapped,3420 Veterans Memorial Blvd,Metairie,LA,70002,30.0020008,-90.159
10065,Vienna,Open,Mid-Atlantic,MA,Northeast,"York, PA",East,UNFI,Final Touch,Yes,mapped,143 Maple Ave E,Vienna,VA,22180,38.90242,-77.263
10834,Viera,Open,Florida,FL,Southeast,"Sarasota, FL",,UNFI,Uncovered,No,inferred (region modal),2035 Viera Blvd,Rockledge,FL,32955,28.2656975,-80.7228
10444,Vineyard,Open,Southwest,SW,Central West,"Lancaster, TX",West,UNFI,Final Touch,No,mapped,18403 Blanco Rd,San Antonio,TX,78258,29.6131191,-98.5109
10466,Virginia Beach,Open,Mid-Atlantic,MA,Southeast,"York, PA",East,UNFI,Uncovered,No,mapped,1800 Laskin Rd,Virginia Beach,VA,23454,36.8506889,-76.028
10552,Voss,Open,Southwest,SW,Central West,"Lancaster, TX",West,UNFI,Final Touch,No,mapped,1407 S Voss Rd,Houston,TX,77057,29.7525196,-95.4999
10011,"WEL CLOSED Wellesley Hills, MA",Closed,North Atlantic,,North Atlantic & International,"Chesterfield, NH",,Rainforest,Uncovered,No,inferred (region modal),278 Washington St,Wellesley Hills,MA,2181,42.312748,-71.2737
10308,"WLM Franklin, TN CLOSED (Williamson)",Closed,South,SO,Southeast,"Atlanta, GA",,Unknown,Uncovered,No,inferred (region modal),1735 Galleria Suite B,Franklin,TN,37067,35.9628181,-86.8128
10101,Walnut Creek,Open,Northern California,NC,California,"Rocklin, CA",West,UNFI,Uncovered,No,mapped,1333 Newell Ave,Walnut Creek,CA,94596,37.8927307,-122.0553
10777,Walter Reed,Open,Mid-Atlantic,MA,Northeast,"York, PA",,UNFI,Final Touch,Yes,inferred (region modal),7130 12th St NW,Washington,DC,20012,38.9762993,-77.0292
10373,Washington Park,Open,Rocky Mountain,RM,Central West,"Aurora, CO",West,UNFI,Uncovered,No,mapped,1111 S Washington St,Denver,CO,80210,39.6959877,-104.98
10586,Wauwatosa,Open,Midwest,MW,Midwest,"Sturtevant, WI (RAC)",East,UNFI,Uncovered,No,mapped,11100 W Burleigh St Ste 110,Wauwatosa,WI,53222,43.0754433,-88.0515
10592,Waverly,Open,South,SO,Southeast,"Atlanta, GA",East,UNFI,Uncovered,No,mapped,7221 Waverly Walk Ave,Charlotte,NC,28277,35.0532303,-80.7673
10093,Wayland,Closed,North Atlantic,,North Atlantic & International,"Chesterfield, NH",,Rainforest,Uncovered,No,inferred (region modal),317 Boston Post Rd,Wayland,MA,1778,42.3620834,-71.3653
10732,Wayne,Open,Northeast,NE,Northeast,"Montgomery, NY (HVA)",,Rainforest,Final Touch,No,inferred (region modal),560 Valley Rd,Wayne,NJ,7470,40.9307899,-74.2266
10711,Weehawken,Open,Northeast,NE,Northeast,"Montgomery, NY (HVA)",,Rainforest,Final Touch,No,inferred (region modal),1400 Waterfront Ter,Weehawken,NJ,7086,40.7618103,-74.0229
10413,Wellesley,Open,North Atlantic,,North Atlantic & International,"Dayville, CT",East,Rainforest,Final Touch,No,mapped,442 Washington St,Wellesley,MA,2482,42.3025894,-71.2856
10195,Wellington,Open,Florida,FL,Southeast,"Sarasota, FL",East,UNFI,Final Touch,Yes,mapped,2635 S State Road 7,Wellington,FL,33414,26.6412601,-80.2063
10698,West Ashley,Open,South,SO,Southeast,"Atlanta, GA",East,UNFI,Uncovered,No,mapped,1125 Savannah Hwy,Charleston,SC,29407,32.78265,-79.9964
10120,West Bloomfield,Open,Midwest,MW,Midwest,"Sturtevant, WI (RAC)",East,UNFI,Uncovered,No,mapped,7350 Orchard Lake Rd,West Bloomfield,MI,48322,42.5292397,-83.3629
10839,West Boca Raton,Open,Florida,FL,Southeast,"Sarasota, FL",,UNFI,Final Touch,No,inferred (region modal),9560 Glades Rd Ste 120,Boca Raton,FL,33434,26.3675423,-80.1954
10598,West Broad Street,Open,Mid-Atlantic,MA,Southeast,"York, PA",,UNFI,Uncovered,No,inferred (region modal),2024 W Broad St,Richmond,VA,23220,37.5578423,-77.4615
10611,West Cary,Open,South,SO,Southeast,"Atlanta, GA",East,UNFI,Basemakers,No,mapped,5055 Arco St,Cary,NC,27519,35.8335915,-78.8825
10460,West Des Moines,Open,Midwest,MW,Midwest,"Iowa City, IA",East,UNFI,Uncovered,No,mapped,4100 University Ave Ste 260,West Des Moines,IA,50266,41.5980797,-93.761
10217,West Hartford,Open,North Atlantic,,North Atlantic & International,"Dayville, CT",East,Rainforest,Final Touch,No,mapped,50 Raymond Rd,West Hartford,CT,6107,41.7609634,-72.7389
10109,West Hollywood,Open,Southern Pacific,SP,California,"Moreno Valley, CA",West,UNFI,Basemakers,No,mapped,7871 Santa Monica Blvd,West Hollywood,CA,90046,34.0917511,-118.3608
10385,West Lane,Open,Midwest,MW,Midwest,"Sturtevant, WI (RAC)",East,UNFI,Uncovered,No,mapped,1555 W Lane Ave,Columbus,OH,43221,40.0065956,-83.0526
10572,West Loop,Open,Midwest,MW,Midwest,"Sturtevant, WI (RAC)",East,UNFI,Final Touch,No,mapped,1 N Halsted St,Chicago,IL,60661,41.8819199,-87.6471
10045,West Los Angeles,Closed,Southern Pacific,SP,California,"Moreno Valley, CA",West,Unknown,Uncovered,No,mapped,11666 National Blvd,Los Angeles,CA,90064,34.0225945,-118.438
10265,West Orange,Open,Northeast,NE,Northeast,"Montgomery, NY (HVA)",East,Rainforest,Final Touch,No,mapped,235 Prospect Ave,West Orange,NJ,7052,40.8042183,-74.2489
10206,West Paces Ferry,Open,South,SO,Southeast,"Atlanta, GA",East,UNFI,Basemakers,No,mapped,77 W Paces Ferry Rd NW,Atlanta,GA,30305,33.8408394,-84.3811
10529,West Palm Beach,Open,Florida,FL,Southeast,"Sarasota, FL",East,UNFI,Final Touch,No,mapped,1845 Palm Beach Lakes Blvd,West Palm Beach,FL,33401,26.7206821,-80.0892
10524,West Seattle,Open,Pacific Northwest,PN,Central West,"Ridgefield, WA",,UNFI,Basemakers,No,inferred (region modal),4755 Fauntleroy Way SW Ste 190,Seattle,WA,98116,47.5607452,-122.3819
10706,Westbury,Open,Northeast,NE,Northeast,"Montgomery, NY (HVA)",,Rainforest,Final Touch,Yes,inferred (region modal),867 E Gate Blvd,Garden City,NY,11530,40.7423134,-73.6085
10612,Westchase,Open,Southwest,SW,Central West,"Lancaster, TX",West,UNFI,Final Touch,No,mapped,11041 Westheimer Rd,Houston,TX,77042,29.7350674,-95.5705
10620,Westford,Open,North Atlantic,,North Atlantic & International,"Chesterfield, NH",East,Rainforest,Uncovered,No,mapped,160 Littleton Rd,Westford,MA,1886,42.5677986,-71.4206
10216,Westlake,Open,Pacific Northwest,PN,Central West,"Ridgefield, WA",West,UNFI,Basemakers,No,mapped,2210 Westlake Ave,Seattle,WA,98121,47.618248,-122.3379
10394,Westminster CLOSED,Closed,Rocky Mountain,RM,Central West,"Aurora, CO",,Unknown,Uncovered,No,inferred (region modal),9229 Sheridan Blvd,Westminster,CO,80031,39.864933,-105.0548
10355,Westport,Open,Northeast,NE,Northeast,"Montgomery, NY (HVA)",East,Rainforest,Final Touch,Yes,mapped,399 Post Rd W,Westport,CT,6880,41.1280861,-73.38
10176,Westwood,Open,Southern Pacific,SP,California,"Moreno Valley, CA",West,UNFI,Basemakers,Yes,mapped,1050 Gayley Ave,Los Angeles,CA,90024,34.0611916,-118.447
10377,Wexford,Open,Mid-Atlantic,MA,Midwest,"York, PA",East,UNFI,Uncovered,No,mapped,10576 Perry Hwy,Wexford,PA,15090,40.6122513,-80.0529
10068,Wheaton CLOSED,Closed,Midwest,MW,Midwest,"Sturtevant, WI (RAC)",,Unknown,Uncovered,No,inferred (region modal),151 Rice Lake Sq,Wheaton,IL,60189,41.8311234,-88.0994
10661,Wheaton NEW,Open,Midwest,MW,Midwest,"Sturtevant, WI (RAC)",East,UNFI,Final Touch,No,mapped,89 Danada Sq E,Wheaton,IL,60189,41.8302193,-88.1018
10163,White Plains,Open,Northeast,NE,Northeast,"Montgomery, NY (HVA)",East,Rainforest,Final Touch,Yes,mapped,110 Bloomingdale Rd,White Plains,NY,10605,41.0282936,-73.7589
10454,Whole Foods Wine and Spirits,Open,Rocky Mountain,RM,Central West,"Aurora, CO",,UNFI,Uncovered,No,inferred (region modal),2315 30th St,Boulder,CO,80301,40.0243624,-105.2539
10313,Whole Grocer (base),Closed,North Atlantic,,North Atlantic & International,"Chesterfield, NH",,Rainforest,Uncovered,No,inferred (region modal),127 Marginal Way,Portland,ME,4101,43.6635056,-70.2616
10504,Wichita,Open,Rocky Mountain,RM,Midwest,"Aurora, CO",West,UNFI,Uncovered,No,mapped,1423 N Webb Rd Ste 101,Wichita,KS,67206,37.7089844,-97.2279
10007,Wilcrest,Closed,Southwest,SW,Central West,"Lancaster, TX",,Unknown,Uncovered,No,inferred (region modal),11145 Westheimer Rd,Houston,TX,77042,29.7347183,-95.5728
10487,Williamsburg,Open,Northeast,NE,Northeast,"Montgomery, NY (HVA)",East,Rainforest,Final Touch,Yes,mapped,238 Bedford Ave,Brooklyn,NY,11249,40.7161675,-73.9598
10573,Willowbrook,Open,Midwest,MW,Midwest,"Sturtevant, WI (RAC)",East,UNFI,Final Touch,No,mapped,6300 S Robert Kingery Highway,Willowbrook,IL,60527,41.7730751,-87.9495
10164,Willowbrook Closed,Closed,Midwest,MW,Midwest,"Sturtevant, WI (RAC)",,Unknown,Uncovered,No,inferred (region modal),201 63rd St,Willowbrook,IL,60527,41.7732582,-87.952
10453,Wilmington,Open,South,SO,Southeast,"Atlanta, GA",East,UNFI,Uncovered,No,mapped,3804 Oleander Dr,Wilmington,NC,28403,34.2136879,-77.9008
10383,Wilshire Blvd,Closed,Southern Pacific,SP,California,"Moreno Valley, CA",,Unknown,Uncovered,No,inferred (region modal),500 Wilshire Blvd,Santa Monica,CA,90401,34.0197906,-118.4969
10110,Winston-Salem,Open,South,SO,Southeast,"Atlanta, GA",East,UNFI,Uncovered,No,mapped,41 Miller St,Winston Salem,NC,27104,36.0941811,-80.2738
10085,Winter Park,Closed,Florida,FL,Southeast,"Sarasota, FL",,Unknown,Uncovered,No,inferred (region modal),1989 Aloma Ave,Winter Park,FL,32792,28.6010647,-81.3249
10580,Winter Park North,Open,Florida,FL,Southeast,"Sarasota, FL",East,UNFI,Uncovered,No,mapped,1030 N Orlando Ave,Winter Park,FL,32789,28.6068459,-81.3633
10233,Woburn,Open,North Atlantic,,North Atlantic & International,"Chesterfield, NH",East,Rainforest,Final Touch,No,mapped,400 Cambridge Rd,Woburn,MA,1801,42.4604797,-71.1635
10628,Woodbury,Open,Midwest,MW,Midwest,"Iowa City, IA",East,UNFI,Uncovered,No,mapped,305 Radio Dr,Woodbury,MN,55125,44.9431343,-92.9304
10774,Woodcliff Lake,Open,Northeast,NE,Northeast,"Montgomery, NY (HVA)",,Rainforest,Final Touch,No,inferred (region modal),500 Chestnut Ridge Rd,Woodcliff Lake,NJ,7677,41.0431404,-74.0713
10099,Woodland Hills,Open,Southern Pacific,SP,California,"Moreno Valley, CA",West,UNFI,Basemakers,No,mapped,21347 Ventura Blvd,Woodland Hills,CA,91364,34.1682281,-118.5969
10574,Woodlands,Open,Southwest,SW,Central West,"Lancaster, TX",West,UNFI,Final Touch,Yes,mapped,1925 Hughes Landing Blvd Ste 100,The Woodlands,TX,77380,30.1693916,-95.4708
10224,Woodruff,Open,South,SO,Southeast,"Atlanta, GA",East,UNFI,Uncovered,No,mapped,1140 Woodruff Rd,Greenville,SC,29607,34.8255196,-82.3008
10025,Woodway,Closed,Southwest,SW,Central West,"Lancaster, TX",,Unknown,Uncovered,No,inferred (region modal),6401 Woodway Dr Ste 149,Houston,TX,77057,29.7547169,-95.4988
10058,Wynnewood,Closed,Mid-Atlantic,MA,Northeast,"York, PA",,Unknown,Uncovered,No,inferred (region modal),339 E Lancaster Ave,Wynnewood,PA,19096,40.0019989,-75.2771
10496,Wynnewood NEW,Open,Mid-Atlantic,MA,Northeast,"York, PA",East,UNFI,Final Touch,No,mapped,15 E Wynnewood Rd,Wynnewood,PA,19096,40.0019531,-75.2756
10472,Yale,Open,Southwest,SW,Midwest,"Lancaster, TX",West,UNFI,Uncovered,No,mapped,9136 S Yale Ave,Tulsa,OK,74137,36.0306587,-95.9234
10548,Ygnacio Valley Road,Open,Northern California,NC,California,"Rocklin, CA",West,UNFI,Uncovered,No,mapped,2941 Ygnacio Valley Rd,Walnut Creek,CA,94598,37.9259071,-122.0154
10343,Yonkers,Open,Northeast,NE,Northeast,"Montgomery, NY (HVA)",East,Rainforest,Final Touch,Yes,mapped,33 Market St,Yonkers,NY,10710,40.9617157,-73.8565
10032,ventura,Closed,Florida,FL,Southeast,"Sarasota, FL",,Unknown,Uncovered,No,inferred (region modal),3565 NE 207th St,Aventura,FL,33180,25.9559994,-80.139
